BestUSDThere,126.45,USDT,11525903199418888192,Revolut
american_terrorist,209.00,USDT,11525541315762249728,Wise
Exchange-N1,373.29,USDT,11513281011381641216,ZEN
JolyWonk,83.58,USDT,11525837746459697152,ZEN
tenerbis,67.42,USDT,11524338067551510528,ZEN
op3rator,686.76,USDT,11517533846722625536,ZEN
Euronet,1000.00,USDT,11505086525313257472,ZEN
Taras1715,392.60,USDT,11517617700678000640,Wise
ReacTarget,101.02,USDT,11525205236139728896,Wise
Doloh,314.42,USDT,11524330330497765376,Wise
Exchange-23,1364.01,USDT,11520832117464244224,esk spoitelna
H4tz1,100.00,USDT,11522496021866987520,esk spoitelna
accordeon,466.36,USDT,11522607789376954368,esk spoitelna
Digital_Unity_Users,464.33,USDT,11525796527446900736,mBank
markubra,299.00,USDT,11520422867006480384,esk spoitelna
nonameeeeeeeee,5450.57,USDT,11525032707410919424,Wise
kot,1048.41,USDT,11525865941013565440,Revolut
NetworksTraderY,1061.08,USDT,11525414529344028672,Revolut
ANTONOVYCHA_140,323.98,USDT,11524091011510988800,ZEN
Lefin,14398.15,USDT,11521116851687309312,Revolut
Nesta5,2000.00,USDT,11499477462957285376,SOB
Olex_CZ,2547.49,USDT,11499758774593617920,Bank Transfer
tarvin,1301.62,USDT,11520274064676921344,Revolut
Fast_Exchangee,541.84,USDT,11524398373062209536,Revolut
Lucky002222,2500.00,USDT,11510549885647630336,Raiffeisen Bank Aval
Lyolik33,2000.00,USDT,11510554805957468160,Raiffeisen Bank Aval
Albina_S_ko,3100.00,USDT,11522533669935054848,Wise
TRADE-EXPERT,6000.00,USDT,11506879016847314944,ZEN
dl_exchange,2095.13,USDT,11525489299263950848,Wise
RAPID_USDT,3100.00,USDT,11525455171408949248,ZEN
