Manuelfsanchez,0.00087914,BTC,11525859028961763328,Zinli
Maibeth,0.00498603,BTC,11522272307113472000,AirTM
rjridh,0.00996512,BTC,11525938126740078592,AirTM
afcrypto,0.03631899,BTC,11229895998624337920,AirTM
ZproCoin,0.00997207,BTC,11433137099577843712,AirTM
Ccorrea,0.00498603,BTC,11471308606535032832,Bank of America
TraderBeast,0.01993024,BTC,11522986379304218624,Zelle
Yanisblk01,0.02500249,BTC,11516520476832669696,Wise
Roman_T-,0.00617943,BTC,11522149031680565248,Advcash
ZproCoin,0.00155655,BTC,11458239446069358592,Payeer
Luisdiaz515,0.09790134,BTC,11459950248787628032,Scotiabank Peru
ecuatoriana2022,0.00550821,BTC,11459038508946366464,Banco del pacifico
talopez,0.00398883,BTC,11458675713066745856,Banesco Panama
IBEROGESTION,0.01137311,BTC,11506809830280679424,Zinli
Ben1983,0.00218353,BTC,11385903113632464896,Payeer
exchangeMINISO,0.03252473,BTC,11518475418585464832,Zelle
BTC Premium,0.02322598,BTC,11524444119587160064,Skrill (Moneybookers)
Bemo-Crypto,0.00041080,BTC,11512297868964167680,Paysera
talopez,0.00511073,BTC,11470192672488304640,AirTM
Intercambios_Rapidos,0.01074537,BTC,11522976991835303936,Prex
Golden_EdisonLuo,0.00104529,BTC,11494938736469233664,Bank Transfer (Taiwan)
TercerMundo,0.00996512,BTC,11455432875127181312,Banco Santander Argentina
ManusCalsen,0.01712767,BTC,11521012978884046848,Skrill (Moneybookers)
AbCrypto,0.12119395,BTC,11481979107487268864,Skrill (Moneybookers)
ECU-CAMBIOS,0.06993543,BTC,11514638084559884288,Banco Bolivariano
DonMoreno,0.07798286,BTC,11459637253132636160,Banco de Credito
PereVictor,0.25061256,BTC,11505438897625165824,ZEN
GooDChange_UA,0.01806296,BTC,11515986340280401920,Skrill (Moneybookers)
IBEROGESTION,0.01146638,BTC,11507172969598353408,Banco General Panama
WarXtreme,0.00240852,BTC,11519828677220810752,Banco Pichincha
trader_pk786,0.03929286,BTC,11520140489418280960,Wise
CoinExchangeARM,0.03388141,BTC,11518937973657698304,Advcash
nelmatre,0.01681381,BTC,11496672431427567616,Banco Pichincha
holdingmastertraders,0.05979073,BTC,11511163845330751488,Moneygram
Vitalywin,0.00498256,BTC,11512096046173044736,Perfect Money
LATINOAMERICAUNIDA,0.04851379,BTC,11489373885777334272,Wise
nelmatre,0.01703675,BTC,11489998621906550784,Banco del pacifico
wilsonInvestment,0.00997207,BTC,11501537485775364096,Banco General Panama
shalmacc,0.01893373,BTC,11484111194089689088,ZEN
niresvicente,0.00224371,BTC,11516077380954636288,Ita Uruguay
DIGITALBIT-SMART,0.19712416,BTC,11456643736590209024,AirTM
Matango,0.01086550,BTC,11455890967925022720,Banco del pacifico
talopez,0.00398883,BTC,11452416969405284352,Banesco Panama
Kmarket,0.00724777,BTC,11431300261084073984,Zinli
Zee_Jadoon,0.00361986,BTC,11422964391744446464,Skrill (Moneybookers)
AAAcrypto,0.09697842,BTC,11342675977650720768,Banesco Panama
Be_The_Winner,0.06523633,BTC,11361554065528958976,BANK
JDCAPITALS-HOLDINGS,0.10042780,BTC,11525658086586138624,Wise
Spidermanbrownzy,0.00041428,BTC,11503520130069786624,MTN Mobile Money
Fast_rapido,0.00148033,BTC,11460234477732171776,Payeer
Tijari_CIH_SGMB,0.00288287,BTC,11525609773488168960,Advcash
Fab33,0.00827013,BTC,11516819767022829568,Advcash
J0NBTC,0.00367752,BTC,11525351759474724864,Prex
hectorperez1728,0.04535970,BTC,11460014135676301312,Banco Pichincha
amariani,0.00910697,BTC,11464211480700788736,Zelle
TRADEPERU,0.31329144,BTC,11511813363268980736,Advcash
TRADEPERU,0.32419970,BTC,11511810133160697856,Banco Falabella
LATINOAMERICAUNIDA,0.04915811,BTC,11460701029803995136,Skrill (Moneybookers)
Coin_Store_247,0.17114984,BTC,11472893536227860480,Payeer
Trust,0.07631020,BTC,11364392388626321408,Wise
Lucky_Khmer,0.01305489,BTC,11517435573595426816,ABA
checkmateD,0.11958146,BTC,11516687547389411328,Wise
samuKH,0.00496805,BTC,11397150234440228864,ABA
wilber93,0.00973956,BTC,11513320747109494784,Wise
stelmakd3,0.00080000,BTC,11348103020852224000,Revolut
-JHM,0.00033838,BTC,11378737817096757248,Perfect Money
