Sgara,0.07743822,BTC,11355186367811047424,SEPA Instant
Marty100,0.00321701,BTC,11458832953291276288,SEPA Instant
CoinsDesire sp z o o,0.04500565,BTC,11519594260740644864,SEPA (EU) bank transfer
MTRS,0.00992797,BTC,11453485097566760960,SEPA (EU) bank transfer
gReebok,0.01821577,BTC,11415626534458286080,SEPA (EU) bank transfer
IMR_Trading,0.02802367,BTC,11519310279838900224,Advcash
AbCrypto,0.08299542,BTC,11491426009890770944,Skrill (Moneybookers)
imediasun,0.02077114,BTC,11525767560362147840,Revolut
HoldBit,0.07185808,BTC,11469748241699237888,ZEN
AlphaCrypto,0.00985370,BTC,11513542390679646208,Neteller
Security_P2P,0.03111301,BTC,11525902006204780544,Advcash
TheDukeCrypto,0.01011656,BTC,11525176543189688320,Advcash
CoinsDesire sp z o o,0.20000000,BTC,11491351575085740032,SEPA (EU) bank transfer
Exchange-CH,0.02830528,BTC,11524862742211481600,Wise
NobleDigital,3.96185133,BTC,11525747860374016000,SEPA Instant
Criptomarket000,0.00097349,BTC,11525680575498977280,Bizum
Dancar81,0.01483868,BTC,11525297857440817152,Revolut
santa,0.01432726,BTC,11513193213690912768,Advcash
Marpius,0.16000000,BTC,11353306796569841664,Postepay
Fastest-seller,0.14932239,BTC,11353357954661855232,Postepay
divisasfitness,0.00082555,BTC,11492579237409644544,Skrill (Moneybookers)
SteSi69,0.01319409,BTC,11508097265062944768,Wise
HoldBit,0.07758593,BTC,11509884932367486976,Neteller
Vitalywin,0.00500000,BTC,11512096263909040128,Perfect Money
Lemacoin,0.00433293,BTC,11442141636701687808,SEPA Instant
-CryptoExchange-,1.46640795,BTC,11510922331996270592,ZEN
SYSTEM_BANK,0.00400631,BTC,11514661256494465024,Banco Santander (Spain)
Vladimir2209,1.15933638,BTC,11448739102848311296,Transfers with specific bank
SmartOTC,2.01383651,BTC,11412574714513932288,SEPA Instant
CheapANDFast,0.11324405,BTC,11480206099630817280,Skrill (Moneybookers)
VitusExchange,0.01888609,BTC,11522734026057818112,ZEN
_JustCrypto_,0.35432569,BTC,11523415098546323456,SEPA (EU) bank transfer
Fespamar,0.06753873,BTC,11523042430735704064,Bizum
saskos,0.00217758,BTC,11516801243801616384,SEPA (EU) bank transfer
Spainbasecoin,0.00136347,BTC,11451267529397960704,SEPA (EU) bank transfer
Comerciop2pAW,0.00674702,BTC,11516664830385528832,Perfect Money
Necosmart,0.08000000,BTC,11430634983899951104,SEPA (EU) bank transfer
TRADEPERU,0.29200000,BTC,11515044032445120512,Advcash
BTC2TRADER,0.00222284,BTC,11483449626854178816,Wise
Adricambios22,0.00122192,BTC,11522876144809992192,Bizum
yurap2p,0.15304186,BTC,11502731952905199616,ABN AMRO
Tijari_CIH_SGMB,0.00161967,BTC,11524221792877584384,Advcash
