Taras1715,309.16,USDT,11517617700678000640,Wise,1692376036
BannyH,397.05,USDT,11522539579980808192,Wise,1692376036
prostovozm,1480.00,USDT,11521894902444072960,Wise,1692376036
forceTrade24,3365.00,USDT,11521635921519566848,Wise,1692376036
Forbs5,768.21,USDT,11520739954071420928,Wise,1692376036
europak,667.13,USDT,11509925342841184256,ZEN,1692376036
iam4aika,238.18,USDT,11518220599912136704,ZEN,1692376036
vadim_d98,1052.36,USDT,11517366423148072960,Wise,1692376036
ExchangeCZ,627.24,USDT,11499498887381671936,UniCredit,1692376036
yanus,128.77,USDT,11521925378305183744,Fio banka,1692376036
CiberixExchange,528.48,USDT,11522208460096212992,esk spoitelna,1692376036
Shagies,598.91,USDT,11501854236922707968,MONETA Money Bank,1692376036
nonameeeeeeeee,5146.88,USDT,11522482633171333120,Wise,1692376036
,1500.01,USDT,11522629372064161792,esk spoitelna,1692376036
dvsc999,114.65,USDT,11521631470768013312,esk spoitelna,1692376036
Yarsa22,396.36,USDT,11522635851626426368,Revolut,1692376036
ThayR,700.70,USDT,11518188091822452736,Revolut,1692376036
Alfredo46,1300.00,USDT,11518917322314096640,Revolut,1692376036
XTradeTime,5334.47,USDT,11505276207850541056,Fio banka,1692376036
ANTONOVYCHA_140,900.00,USDT,11520704485909311488,Revolut,1692376036
sonia0909,200.00,USDT,11511727733285404672,ZEN,1692376036
honchar8899,6000.00,USDT,11515608148203413504,Skrill (Moneybookers),1692376036
VitaliiMelnyk,42.91,USDT,11515954946791952384,Fio banka,1692376036
dl_exchange,3620.00,USDT,11518579522990866432,Wise,1692376036
mrsopel,200.00,USDT,11516064080293883904,Skrill (Moneybookers),1692376036
vasqa,167.79,USDT,11522651548991954944,Alipay,1692376045
AlteWay,74855.11,USDT,11522152494071304192,Revolut,1692376045
NobleDigital,139071.03,USDT,11522560550958882816,SEPA Instant,1692376045
Dinance_Acil_Coin,1189.48,USDT,11522644026972028928,ZEN,1692376045
Exchancher,728.04,USDT,11517516499108253696,ZEN,1692376045
MIDAS_MONEY,100.40,USDT,11522647895907880960,ZEN,1692376045
InitialD2022,4265.30,USDT,11522621398358208512,Wise,1692376045
PayxTrade,618.33,USDT,11513489818719387648,ZEN,1692376045
trader-revolut,110.80,USDT,11520321872327569408,ZEN,1692376045
KittrowInv,7068.51,USDT,11507061634866573312,SEPA (EU) bank transfer,1692376045
mstrader18,100.00,USDT,11522120601008832512,ZEN,1692376045
vip518,4406.29,USDT,11498267441956081664,Wise,1692376045
FTtrader33,110.90,USDT,11522605138530594816,Advcash,1692376045
Crypto-Eli,2000.00,USDT,11521117860639289344,ZEN,1692376045
express-usdt,5203.07,USDT,11518226525535621120,Wise,1692376045
xuan17,8481.28,USDT,11522655123982065664,Wise,1692376045
Ruzveld3,415.55,USDT,11521235229456252928,Revolut,1692376045
dazxxxsq7878,4840.96,USDT,11519656412852940800,Wise,1692376045
HOCHLANDGMBH,7411.51,USDT,11522387954695110656,SEPA (EU) bank transfer,1692376045
valerii19762303,220.00,USDT,11522605665817948160,Advcash,1692376045
JAScripto,867.07,USDT,11522452106956603392,Advcash,1692376045
marxchange,151.53,USDT,11522217013702025216,Advcash,1692376045
Biofoda-Firm,1852.46,USDT,11520445707079008256,Wise,1692376045
MTRS,550.00,USDT,11442703857369325568,Advcash,1692376045
SSH_Crypto,6669.63,USDT,11517433049709375488,SEPA (EU) bank transfer,1692376045
warpik,1823.66,USDT,11446185635607388160,Wise,1692376045
AlteWay,14892.98,USDT,11521633974654160896,SEPA Instant,1692376045
Fast-and-Best-Price,3400.00,USDT,11521254673328033792,Wise,1692376045
RR_CryptoExchange,8463.57,USDT,11522570280552726528,SEPA (EU) bank transfer,1692376045
-BB,1716.85,USDT,11519487704627789824,SEPA (EU) bank transfer,1692376045
SparrowsS,10191.52,USDT,11522631235844382720,SEPA (EU) bank transfer,1692376045
Fugui-Currency-Bank,7930.86,USDT,11497695612577787904,Wise,1692376045
ARMANI_EXCHANGE_,8180.83,USDT,11512027172364865536,Wise,1692376045
MidoNader92,2755.11,USDT,11522106396495532032,Advcash,1692376045
AlteWay,17912.51,USDT,11522467294383759360,SEPA Instant,1692376045
Zhiv4ik,271.74,USDT,11522509624684150784,ZEN,1692376045
Merryexchange,15475.90,USDT,11512332906919952384,Wise,1692376045
Eugen,613.84,USDT,11522520012419325952,SEPA (EU) bank transfer,1692376045
NgonBoRe_SINCE-2018,2100.00,USDT,11516531662558363648,Advcash,1692376045
andrew,500.00,USDT,11522493065160396800,SEPA (EU) bank transfer,1692376045
Autoparts,3005.72,USDT,11496584958679810048,Wise,1692376045
iamluckystar,4173.02,USDT,11522538795442298880,Wise,1692376045
,4745.41,USDT,11522584928643452928,SEPA Instant,1692376045
YBF1,200.00,USDT,11459295618624143360,Advcash,1692376045
easyswap,632.19,USDT,11503842966109863936,Advcash,1692376045
Alice-reliable,5000.00,USDT,11511983464544157696,Wise,1692376045
iamluckystar,3000.00,USDT,11522401043376844800,Wise,1692376045
PHODSAD,2500.00,USDT,11522517736719994880,ZEN,1692376045
CESARIAS,1915.12,USDT,11521436438037606400,Wise,1692376045
CryptoTrader-PRO,43578.34,USDT,11520095915949633536,ABN AMRO,1692376045
RenovatioFilm,329.46,USDT,11522649054105419776,Wise,1692376045
borodach7,252.00,USDT,11521192406277902336,SEPA (EU) bank transfer,1692376045
das2807,188.09,USDT,11521840234057773056,ZEN,1692376045
Ia_M,1630.00,USDT,11522562523865141248,TBC Bank,1692376045
Golden-Toouch,519.53,USDT,11522198007421345792,Wise,1692376045
IMR_Trading,1540.89,USDT,11505970726158491648,Advcash,1692376045
one4ester,1940.50,USDT,11519165270140125184,MAIB,1692376045
AlleAlle,1313.98,USDT,11522169545955934208,ZEN,1692376045
MTRS,1300.00,USDT,11442703554179121152,SEPA (EU) bank transfer,1692376045
El-Lider-En-Cambios,169.90,USDT,11520404587038994432,Wise,1692376045
YASSER_KH,252.09,USDT,11522164628054921216,Paysera,1692376045
Schatz777,1391.36,USDT,11516768608048365568,MAIB,1692376045
ViKa_Cash,2196.37,USDT,11522522162648416256,Paysera,1692376045
anes-kech45,2546.28,USDT,11522628235538403328,Wise,1692376045
P2PExchange24-7,545.85,USDT,11522630498937606144,Wise,1692376045
DZ113,44.01,USDT,11522586934335524864,Paysera,1692376045
Necosmart,4200.00,USDT,11513830333600034816,SEPA Instant,1692376045
FOURSEAS_EXCHANGE,35076.35,USDT,11521898786634055680,Bank Transfer,1692376045
emmscorporationltd,3364.64,USDT,11522383703566536704,Wise,1692376045
Speriter,299.15,USDT,11522532132545880064,Paysera,1692376045
MLN95,290.54,USDT,11522623883772121088,Paysera,1692376045
Dinance_Acil_Coin,4153.99,USDT,11522596088649584640,ZEN,1692376045
moha-crypto,164.61,USDT,11522571604982804480,Paysera,1692376045
khalil,550.00,USDT,11522654833449447424,Paysera,1692376045
HongtuGroup,13516.46,USDT,11522509942483800064,Wise,1692376045
ilyes20,100.00,USDT,11522292650862714880,Paysera,1692376045
kriptoexchangeGE,4555.57,USDT,11520361766811283456,TBC Bank,1692376045
YY_Group_Exchange,3884.57,USDT,11488112615739510784,Bank Transfer,1692376045
johnsnow888,1598.72,USDT,11522476069835100160,SEPA Instant,1692376045
scinvestments,111.84,USDT,11504659769393119232,N26,1692376045
MK4G,1575.40,USDT,11521938054668812288,ZEN,1692376045
den770,8569.19,USDT,11522664389324365824,Wise,1692376045
SALAHEX,1179.92,USDT,11519338860720431104,Paysera,1692376045
PHODSAD,600.00,USDT,11522516392156430336,N26,1692376045
flaring,11663.87,USDT,11518666112005869568,Wise,1692376045
Ibih-CIH,227.38,USDT,11521128443399917568,Wise,1692376045
Tarmac01,150.00,USDT,11522223813598126080,SEPA (EU) bank transfer,1692376045
Web777,1000.00,USDT,11522516928204173312,SEPA (EU) bank transfer,1692376045
Cryptoarias,200.00,USDT,11517899047376445440,Advcash,1692376045
korgi_koin,195.00,USDT,11522611390814072832,Wise,1692376045
1386system-na,1021.53,USDT,11522541085058994176,SEPA Instant,1692376045
vitya23,516.60,USDT,11521037367167537152,Paysera,1692376045
-Yassin-,263.19,USDT,11521938356008202240,Paysera,1692376045
mirudream23,100.00,USDT,11487685193542029312,Advcash,1692376045
alexchangeer,289.25,USDT,11520847665387995136,Paysera,1692376045
Pro_tanfers_Instant,2692.40,USDT,11522211029655310336,Paysera,1692376045
NicoCS,2150.54,USDT,11409209839466758144,Bunq,1692376045
CarlosVelazq,405.11,USDT,11472891580207398912,N26,1692376045
ARSOP,10.91,USDT,11522542251337351168,Neteller,1692376045
insanamenteusdt,1250.00,USDT,11520711606049529856,ZEN,1692376045
Super-Change,298.70,USDT,11495164507910750208,Bunq,1692376045
Ali_Ads,1356.63,USDT,11519445786070360064,Paysera,1692376045
Coin Hood,100.00,USDT,11521857095063670784,ZEN,1692376045
mikimoze,659.04,USDT,11522625882015997952,Wise,1692376045
Fring,903.70,USDT,11515248303683166208,Neteller,1692376045
MYDOUSA_2,352.00,USDT,11522632332021862400,Neteller,1692376045
Aleml,123.34,USDT,11521305905121337344,Neteller,1692376045
Fastmajor88,7000.00,USDT,11519298664322342912,SEPA (EU) bank transfer,1692376045
vorontsovik,223.35,USDT,11521113067397193728,Skrill (Moneybookers),1692376045
Saranto,100.90,USDT,11521888931203956736,Neteller,1692376045
FDMI,5000.00,USDT,11470548264119267328,Wise,1692376045
Amertat,5085.18,USDT,11484257036878659584,Bank of Georgia,1692376045
EdgardoPR,105.00,USDT,11521897678106202112,Neteller,1692376045
,3398.41,USDT,11522519717572476928,Revolut,1692376045
Cyberchris,500.00,USDT,11522446251732791296,SEPA Instant,1692376045
Wernek,30661.41,USDT,11521849300247130112,SEPA Instant,1692376045
CoinsDesire sp z o o,11442.77,USDT,11521963474699550720,Bank Transfer,1692376045
nahuelbg,600.00,USDT,11522571075315728384,Dukascopy Bank,1692376045
juanciti75,200.00,USDT,11518703939848577024,Neteller,1692376045
LucasNayib,152.85,USDT,11517281981625331712,Dukascopy Bank,1692376045
MIAREVA,371.46,USDT,11521903883543650304,Dukascopy Bank,1692376045
LautaroMaidana03,894.99,USDT,11522299458737651712,Dukascopy Bank,1692376045
BSV-DUNCAN,149.26,USDT,11505266380955230208,MICB,1692376045
TinaAlina,800.00,USDT,11475156850160619520,MAIB,1692376045
calamander,7576.00,USDT,11522150142060630016,SEPA (EU) bank transfer,1692376045
CriptoSvet,1580.64,USDT,11517926701108920320,Victoriabank,1692376045
Rena_G,100.00,USDT,11522571561425317888,Bunq,1692376045
ASAPXCHANGE,11946.22,USDT,11522381974161952768,Wise,1692376045
Badfox,119.00,USDT,11522577327890386944,Advcash,1692376045
ThetanSuperPower,263.19,USDT,11520301966563020800,Advcash,1692376045
intellect05,170.00,USDT,11514760666660524032,Paysera,1692376045
leoAMD,500.00,USDT,11522083184888844288,Neteller,1692376045
Agustrade,1300.00,USDT,11520933097775923200,Dukascopy Bank,1692376045
QazaqCrypt0,250.00,USDT,11518190431220776960,Monobank,1692376045
Malek2123,974.33,USDT,11521895393362190336,Wise,1692376045
memberxz,262.77,USDT,11522552019166892032,ZEN,1692376045
actorrr,5011.00,USDT,11520416486805880832,SEPA (EU) bank transfer,1692376045
Usdro1,300.00,USDT,11508120012688961536,SEPA (EU) bank transfer,1692376045
Arssen,3000.00,USDT,11522597302283165696,PUMB,1692376045
Essam1,5000.00,USDT,11522635357924474880,Advcash - Instant,1692376045
FastSE,25.72,USDT,11522643479652229120,Skrill (Moneybookers),1692376045
massimobr,1263.70,USDT,11519775698876592128,Wise,1692376045
BestBusiness,500.00,USDT,11522217440974696448,Skrill (Moneybookers),1692376045
moneyflow,481.11,USDT,11522220170865610752,Skrill (Moneybookers),1692376045
jackie120,526.88,USDT,11522564573397389312,SEPA (EU) bank transfer,1692376045
vlada365,100.00,USDT,11522657410013032448,Wise,1692376045
Danteibra,300.00,USDT,11496075424361644032,Skrill (Moneybookers),1692376045
trust-os-trade,216.77,USDT,11514350718746566656,Wise,1692376045
Valadis,150.00,USDT,11426931671781359616,Paysera,1692376045
exchange_rs,17048.84,USDT,11522566538333388800,Skrill (Moneybookers),1692376045
Big0506,38.52,USDT,11516934568420937728,Wise,1692376045
alveiro100,100.00,USDT,11521986800261632000,Skrill (Moneybookers),1692376045
ChiidO,32.37,USDT,11522589595994648576,Skrill (Moneybookers),1692376045
Fosco,843.90,USDT,11520842080499793920,Revolut,1692376045
cryptoparce,407.00,USDT,11522637891412766720,Wise,1692376045
aston200,9490.26,USDT,11479052727234342912,Wise,1692376045
JD_Exchange,125.00,USDT,11522663784772894720,Skrill (Moneybookers),1692376045
SARA-EL-HULK,78.86,USDT,11522588849295884288,Skrill (Moneybookers),1692376045
DEIVID,120.55,USDT,11522586914284453888,International Wire (SWIFT),1692376045
yadesgroup,180.00,USDT,11522575459685572608,Skrill (Moneybookers),1692376045
SignorLoZingaro,125.10,USDT,11499661647797596160,Advcash,1692376045
PayObmin72,135.00,USDT,11522168337936482304,Skrill (Moneybookers),1692376045
mirudream23,154.26,USDT,11484514971029106688,Skrill (Moneybookers),1692376045
Maivero,42.61,USDT,11522630413213093888,Revolut,1692376045
BoosterCryprto,1245.00,USDT,11522477562291036160,Revolut,1692376045
d3x0nM,330.53,USDT,11521582573020590080,Paysera,1692376045
Dzhon,88.54,USDT,11519940529037631488,Revolut,1692376045
USDTBUY,9500.00,USDT,11522510992783454208,Wise,1692376045
LZmultiplica,845.00,USDT,11510337911070294016,SEPA (EU) bank transfer,1692376045
Ingprego,1100.00,USDT,11522517020878442496,Paysera,1692376045
delgadojae,320.00,USDT,11522629294814597120,BBVA,1692376045
Vladislav,407.40,USDT,11508473718222540800,Revolut,1692376045
mpasqual,300.00,USDT,11522660824007368704,Dukascopy Bank,1692376045
Jumiza8,2105.27,USDT,11522654056081567744,Bizum,1692376045
Jumiza8,2513.39,USDT,11517072850948587520,N26,1692376045
CamoBinance,176.61,USDT,11520504378308239360,ZEN,1692376045
BBankir,100.10,USDT,11522129995469406208,Wise,1692376045
luketo,225.56,USDT,11505903783660298240,Dukascopy Bank,1692376045
jjimis479,1844.91,USDT,11522222353237794816,BBVA,1692376045
Crypto_worthy,500.00,USDT,11522602643201904640,Wise,1692376045
CryptooAbel,100.00,USDT,11520187763775578112,BBVA,1692376045
usdt_saler,150.00,USDT,11395420678300692480,Bizum,1692376045
Alfredo46,810.25,USDT,11518501200258813952,Revolut,1692376045
CryptoKanna,133.88,USDT,11521943544582393856,Wise Instant,1692376045
Theta_Valley,8059.00,USDT,11519578827927412736,SEPA (EU) bank transfer,1692376045
Blancojo,1452.76,USDT,11522353503215243264,Skrill (Moneybookers),1692376045
Mucita_05,1000.00,USDT,11440602922679214080,Bizum,1692376045
GaloTrader,420.16,USDT,11522524285156806656,Bizum,1692376045
TheWolf-OfWallStreet,500.00,USDT,11520899074145509376,Skrill (Moneybookers),1692376045
_CRIPTOEXPRESS_,324.28,USDT,11522340141991624704,Bizum,1692376045
bo_millionaire,3100.00,USDT,11522319169418391552,Revolut,1692376045
zodrac,200.00,USDT,11484482409149997056,ZEN,1692376045
Exchange-crypto-otc,100.00,USDT,11522280445835870208,Advcash,1692376045
Joseph,100.53,USDT,11522627482695127040,Revolut,1692376045
CripotLr,195.28,USDT,11521848144265863168,Perfect Money,1692376045
CambiosRamirez,557.36,USDT,11521268047009792000,Bizum,1692376045
Big_Whale_Crypto,100.00,USDT,11521570974066249728,Perfect Money,1692376045
NikolaevUkraine,1400.00,USDT,11502712227197358080,Paysera,1692376045
karpa4o,550.00,USDT,11521965983163322368,Revolut,1692376045
MyroslavTrade,149.01,USDT,11522482604221382656,Bizum,1692376045
mirudream23,200.00,USDT,11505832430131994624,Payeer,1692376045
Glixius,1184.21,USDT,11487717592950927360,Payeer,1692376045
Arsant,200.00,USDT,11468276657289216000,Paysera,1692376045
nutcrack3r,8668.41,USDT,11491716162043092992,Revolut,1692376045
KMCG,2296.40,USDT,11522205628601266176,Revolut,1692376045
UAB-PREXIDO,14098.16,USDT,11519274830446186496,ZEN,1692376045
nickname_p2p_nick,350.00,USDT,11522119608719478784,Paysera,1692376045
RealTrader-Dio,300.00,USDT,11520157165826256896,Payeer,1692376045
CryptoKanna,5132.31,USDT,11521107259251326976,Wise Instant,1692376045
criptosanluis77,544.75,USDT,11522648057752354816,Payeer,1692376045
MerCh_Deal,176.26,USDT,11515145033901137920,Wise,1692376045
hostpodar,2455.00,USDT,11521761263694598144,Wise,1692376045
JesusMLG,1010.87,USDT,11514939216553988096,SEPA Instant,1692376045
Romanromeo,780.00,USDT,11521242136147378176,N26,1692376045
ArbiMagicFour,1500.00,USDT,11522495748738224128,Advcash,1692376045
fecheferg,588.88,USDT,11522563859507208192,Bizum,1692376045
CharlieBTC,207.00,USDT,11518959978588069888,CaixaBank (Spain),1692376045
HUBAmawuna,2782.50,USDT,11517046797613826048,ZEN,1692376045
abdoulog,271.85,USDT,11522657416613617664,Paysera,1692376045
VPMR4158,1107.73,USDT,11517652240894787584,Banco Santander (Spain),1692376045
5400Trade,515.00,USDT,11516409425237868544,Dukascopy Bank,1692376045
Maxi18,79.46,USDT,11498416094646640640,Advcash,1692376045
Simo_do,3026.78,USDT,11517082859379453952,Kuveyt Turk,1692376045
RealTrader-Dio,122.83,USDT,11499397444126146560,Skrill (Moneybookers),1692376045
mpasqual,300.00,USDT,11522659853684035584,Skrill (Moneybookers),1692376045
Nverr,400.00,USDT,11509477136524705792,Bank Transfer,1692376045
vsegda_pozitive777,55.58,USDT,11514916217304985600,Revolut,1692376045
TemBat777,205.70,USDT,11520149921682214912,Revolut,1692376045
eldoradocash,75.19,USDT,11501657159017357312,Bizum,1692376045
PashaVert,62.72,USDT,11510342075703468032,Revolut,1692376045
Lavidaa,12000.00,USDT,11522560864035975168,Paysera,1692376045
tesla77712,2202.90,USDT,11517142663003742208,Victoriabank,1692376045
sultan_ex,19.88,USDT,11454616167215718400,Advcash,1692376045
Noiret_Crypto,910.00,USDT,11522161402553241600,Banco Sabadell (Spain),1692376045
,550.00,USDT,11521935457743826944,SEPA (EU) bank transfer,1692376045
tuliogimenez,212.26,USDT,11517906840913895424,Bizum,1692376045
Sasa9msh,119.44,USDT,11518521018708516864,Bank Transfer,1692376045
Lazy40,1098.48,USDT,11521812249852334080,Moneygram,1692376045
crytonita07,375.00,USDT,11522285285047390208,Skrill (Moneybookers),1692376045
Moneta,4797.98,USDT,11395652818055012352,N26,1692376045
Zhukovski,400.00,USDT,11514310295368630272,Tinkoff,1692376045
Jennifersantiago1598,287.94,USDT,11522657355185381376,Bizum,1692376045
mrilja,3074.80,USDT,11496283521245253632,Tinkoff,1692376045
TheWolf-OfWallStreet,320.00,USDT,11522337719842304000,AirTM,1692376045
LevLeo,6000.00,USDT,11494399152565391360,Moneygram,1692376045
Irina CashPro,766.73,USDT,11520029719608766464,Bizum,1692376045
Danielisto,568.89,USDT,11515899151615492096,Revolut,1692376045
-PRINCE-,2100.00,USDT,11515633498201624576,Tinkoff,1692376045
Alexander_cashmaster,1500.00,USDT,11464341102051868672,Tinkoff,1692376045
Exchange_ltd_usdt,1487.39,USDT,11518491358455234560,Bank Transfer,1692376045
COPHYTO,394.92,USDT,11521264170363404288,BBVA,1692376045
dapicare,519.12,USDT,11468728793568837632,Cash Deposit to Bank,1692376045
Fast_Exchangee,1083.00,USDT,11512412447914946560,Revolut,1692376045
B2711,145.00,USDT,11510304124907282432,SEPA Instant,1692376045
WildCookie69M,1000.00,USDT,11518886149209849856,Moneygram,1692376045
Al-Jazeera-Enterpris,100.63,USDT,11522598591263977472,Wise,1692376045
MarinaAbramova,271.00,USDT,11521866535103393792,Victoriabank,1692376045
guillermo246,1338.07,USDT,11469415124002971648,Banco Pichincha,1692376045
Yani,662.38,USDT,11520773202888806400,BBVA,1692376045
CambiosFlash,600.00,USDT,11494617361520742400,BBVA,1692376045
JoeUp,520.29,USDT,11510648955131854848,Western Union,1692376045
mrilja,4690.20,USDT,11496283033298010112,Kaspi Bank,1692376045
-PRINCE-,15000.00,USDT,11515241418615037952,Tinkoff,1692376045
-PRINCE-,9950.00,USDT,11515249702162427904,Tinkoff,1692376045
Marpius,2926.27,USDT,11433560965445722112,Postepay,1692376045
temshchik1,38.10,USDT,11497208804160483328,SEPA (EU) bank transfer,1692376045
AK100/BABACA,10742.98,USDT,11522288782199525376,Denizbank,1692376045
AcunaMatata,105.91,USDT,11484904754726645760,SEPA Instant,1692376045
Troncs76,7221.30,USDT,11518892808100257792,CaixaBank (Spain),1692376045
Fastcryptooo,950.00,USDT,11515830234336493568,ABN AMRO,1692376045
Arsant,140.63,USDT,11466563637175721984,Bizum,1692376045
TrustExchangeX,30000.00,USDT,11519960134263275520,Wise,1692376045
Fespamar,4840.90,USDT,11518689584156344320,CaixaBank (Spain),1692376045
CasaChange,1000.00,USDT,11484375867112394752,MICB,1692376045
bettyshop,239.39,USDT,11515658558004035584,Postepay,1692376045
Ri_7-7_24-24,2224.18,USDT,11516729210243452928,N26,1692376045
Qep2p,8000.00,USDT,11459944647097126912,ZEN,1692376045
mrsopel,80.96,USDT,11516063777961054208,Skrill (Moneybookers),1692376045
BBBUSTER,1235.81,USDT,11520521814313316352,SEPA Instant,1692376045
kapitan_spassk,21.97,USDT,11521833748326076416,Kaspi Bank,1692376045
Baddie-SlavaUkraina,218.90,USDT,11521064057350782976,ING,1692376045
Criptotrader1,1616.62,USDT,11522441541662998528,Dukascopy Bank,1692376045
USDT_Store_ru,100.00,USDT,11520613375715364864,Þmoney,1692376045
GirosCriptos,10561.79,USDT,11515794924682633216,Banco Santander (Spain),1692376045
Oficial Cripto,278.94,USDT,11515266093664157696,Skrill (Moneybookers),1692376045
Pyro Coin,2577.16,USDT,11518401369304731648,CaixaBank (Spain),1692376045
SAMBOOR,103.12,USDT,11522664558963994624,Payeer,1692376047
Matilda_06,852.99,USDT,11520732753383837696,Payeer,1692376047
-Dalida,106.90,USDT,11521907612110589952,Payeer,1692376047
Vera_v_btc,1132.45,USDT,11522662161880756224,Advcash,1692376047
vikoriabrrruk,1967.87,USDT,11516693453476233216,Payeer,1692376047
Alex0808,99.90,USDT,11522583766840299520,Advcash,1692376047
gipperzanoid,114.01,USDT,11522473200289435648,Advcash,1692376047
gheka,172.85,USDT,11516649941170302976,Payeer,1692376047
FAST-SAFETY-TRUST,189.64,USDT,11517333182062366720,Payeer,1692376047
FastCryptoSell77,2689.75,USDT,11522462332037545984,RosBank,1692376047
2E41,835.88,USDT,11507026621475479552,RosBank,1692376047
Obmen77,749.47,USDT,11472649581875515392,RosBank,1692376047
,603.51,USDT,11522658152870318080,RosBank,1692376047
quick_deal8,130.13,USDT,11522665389104492544,RosBank,1692376047
Tsarevich01,173.84,USDT,11519727145345978368,RosBank,1692376047
JuliaKiss,3066.93,USDT,11522657216683909120,RosBank,1692376047
Grafsky,119.85,USDT,11520894174739419136,RosBank,1692376047
UnitedEx,1049.06,USDT,11482103871008919552,RosBank,1692376047
Roman_63,430.76,USDT,11517860739140386816,RosBank,1692376047
Rich131,2997.00,USDT,11522643602026311680,RosBank,1692376047
Ilya,1998.00,USDT,11522480163723776000,Raiffeisenbank,1692376047
DoBR9k,2305.48,USDT,11509445662527156224,RosBank,1692376047
Ok_Moment,1733.27,USDT,11514620151134961664,RosBank,1692376047
BE4HoMoJloDou,5139.05,USDT,11510886266981429248,RosBank,1692376047
Stanimur,2927.35,USDT,11510989306690953216,Advcash,1692376047
464751057,2158.26,USDT,11522656642809782272,RosBank,1692376047
Alpacho,1617.76,USDT,11520433973358968832,RosBank,1692376047
Artamon8888,325.46,USDT,11471912371634843648,RosBank,1692376047
LouisVuittonQQ,2597.40,USDT,11495709371913056256,RosBank,1692376047
Mero1,99.90,USDT,11513042526287708160,Raiffeisenbank,1692376047
1second_,569.40,USDT,11521858269039071232,RosBank,1692376047
Sheikh_Dachi,34742.16,USDT,11517493391455252480,RosBank,1692376047
toxjc,3981.21,USDT,11522326467510325248,RosBank,1692376047
bumer404,4888.60,USDT,11521875455188254720,RosBank,1692376047
Investment_Trader,4213.33,USDT,11517065797406732288,RosBank,1692376047
Polina_SBP,1569.58,USDT,11522472227673296896,Tinkoff,1692376047
Crypto_exchange_0001,5196.95,USDT,11398898997825597440,RosBank,1692376047
HayatCrypto1,331.13,USDT,11522464055198511104,Tinkoff,1692376047
Opinara,1011.53,USDT,11509553768456695808,Tinkoff,1692376047
MarlonCrypto,803.49,USDT,11518871282044469248,Tinkoff,1692376047
LionTrade,3620.82,USDT,11456273680551534592,Tinkoff,1692376047
PLuxuryExchange,2040.65,USDT,11522099646043066368,Tinkoff,1692376047
MassteR,293.12,USDT,11513478243745345536,RosBank,1692376047
MATEMENTS,485.44,USDT,11522447213163503616,RosBank,1692376047
BoryaTrade,2067.97,USDT,11517069961638998016,RosBank,1692376047
Kate281,1531.00,USDT,11521772709405347840,Tinkoff,1692376047
FastRUSwap,15402.15,USDT,11522655095934791680,RosBank,1692376047
Adelchi,600.69,USDT,11458472604563619840,Tinkoff,1692376047
Hagrir,420.31,USDT,11522534964993343488,Tinkoff,1692376047
BITMAKERBOB,1556.91,USDT,11522653223817793536,Tinkoff,1692376047
EagleExchange,5585.11,USDT,11483980118500524032,Tinkoff,1692376047
ByReithoper,20398.67,USDT,11510308543292252160,RosBank,1692376047
Knyazzz_P2P,9990.01,USDT,11515668231910375424,RosBank,1692376047
Gretskiy,5773.58,USDT,11522148726431240192,Tinkoff,1692376047
FASTCHANGER13,3902.37,USDT,11522618449451962368,Tinkoff,1692376047
raingoslingxchange,289.97,USDT,11522606986666749952,Raiffeisenbank,1692376047
Michi,8489.06,USDT,11522102054253690880,RosBank,1692376047
---NO-LIMITS---,7.55,USDT,11521401840370298880,RosBank,1692376047
I-mate,4618.86,USDT,11521113763500351488,Tinkoff,1692376047
Yakush_11,2150.31,USDT,11512888172377321472,Uralsib Bank,1692376047
sunset_rise,389.17,USDT,11504431089088270336,RosBank,1692376047
BlackMMx,5094.60,USDT,11520378922311524352,RosBank,1692376047
KOTE-P2P,2774.34,USDT,11519012484800294912,Tinkoff,1692376047
Lara-LUT,23.56,USDT,11506250670198894592,RosBank,1692376047
love7241,4146.09,USDT,11522330637475078144,Tinkoff,1692376047
MEGAMAKER,433.24,USDT,11501910030145523712,RosBank,1692376047
alexph,1046.62,USDT,11522423410537648128,Tinkoff,1692376047
barhatniy21,497.68,USDT,11522637311692636160,Raiffeisenbank,1692376047
Juba7,199.86,USDT,11522601605764386816,Raiffeisenbank,1692376047
bang_bang702,3008.59,USDT,11522564572113928192,Raiffeisenbank,1692376047
SwapGood,93.18,USDT,11509084618462777344,Tinkoff,1692376047
FasTik01,18.61,USDT,11522642701927239680,RosBank,1692376047
StarCompanyWalet,1715.51,USDT,11519774037072494592,RosBank,1692376047
ahibrat,1461.95,USDT,11522519383586312192,Raiffeisenbank,1692376047
Rufat,249.90,USDT,11522614928116740096,Tinkoff,1692376047
VOLFGOD,9887.70,USDT,11522650280164184064,Tinkoff,1692376047
P2P_Mama,3968.41,USDT,11514127289433223168,Tinkoff,1692376047
Mr_Sam007,6499.62,USDT,11522129824538890240,Tinkoff,1692376047
Mark_markus,278.27,USDT,11516819779746013184,Raiffeisenbank,1692376047
Anjel666,449.55,USDT,11522303718208671744,Tinkoff,1692376047
natalpet,70.72,USDT,11508455659895873536,RosBank,1692376047
ViktoriaG,2498.00,USDT,11423626135796678656,Tinkoff,1692376047
LuKeRaNo,451.33,USDT,11522635229878038528,RosBank,1692376047
Vagodroch20_14,833.95,USDT,11514260053827371008,RosBank,1692376047
KARTA_MOYA_NE_DROPA_,38886.24,USDT,11489688417584832512,Tinkoff,1692376047
EZIC,7614.33,USDT,11522647590969860096,RosBank,1692376047
Rulsan,7614.33,USDT,11522649197999599616,RosBank,1692376047
fiasque,5853.40,USDT,11522601080533999616,Raiffeisenbank,1692376047
Oobmen,2694.12,USDT,11517812068041773056,RosBank,1692376047
Trader,509.49,USDT,11488456557207224320,RosBank,1692376047
Kosmos,117.33,USDT,11487820199176572928,Tinkoff,1692376047
Sulimanov_27,4240.47,USDT,11522662942858616832,RosBank,1692376047
llenochka,1712.14,USDT,11499280435406028800,Tinkoff,1692376047
LF_BAZA,1282.60,USDT,11522655625642475520,RosBank,1692376047
HUGOBOSS_1,8985.97,USDT,11520442250852442112,Raiffeisenbank,1692376047
docuzokov,9417.27,USDT,11519379567496122368,RosBank,1692376047
Crot99,6783.56,USDT,11515268360648818688,RosBank,1692376047
Bedniy_Stomatolog,7312.48,USDT,11522639792422088704,Raiffeisenbank,1692376047
RodionM,1654.34,USDT,11522617929895890944,Tinkoff,1692376047
ZM7,11362.20,USDT,11522636277615288320,Raiffeisenbank,1692376047
Maximus787,1978.64,USDT,11522467150766047232,Raiffeisenbank,1692376047
Torgash365,2799.02,USDT,11522319976053604352,Payeer,1692376047
Zoha-p2p,184.75,USDT,11515579193404387328,Tinkoff,1692376047
INT-BANK,10201.11,USDT,11522613041009987584,Raiffeisenbank,1692376047
Crypto_Angel_P2P,8428.55,USDT,11509960872130330624,RosBank,1692376047
ududaev,6831.60,USDT,11521776878398115840,Tinkoff,1692376047
jiner1,859.76,USDT,11522599739224334336,Tinkoff,1692376047
Adigo,5.21,USDT,11514891867106717696,Raiffeisenbank,1692376047
exasperated,1612.54,USDT,11522169403623538688,Raiffeisenbank,1692376047
dealer-07,4212.26,USDT,11522664000552304640,RosBank,1692376047
TYDASYDA,111.68,USDT,11509571465997021184,MTS-Bank,1692376047
CryptocurrencyNik,6121.95,USDT,11522532033081671680,RosBank,1692376047
,1442.07,USDT,11521242591330238464,Raiffeisenbank,1692376047
Phoenix,1750.15,USDT,11522598107383500800,RosBank,1692376047
EasyMoney,6356.80,USDT,11520533983731425280,RosBank,1692376047
Lor_Ras1992,39.70,USDT,11520078066997600256,RosBank,1692376047
Nikitakon,15788.19,USDT,11522479351410589696,RosBank,1692376047
Top1_crypto-boss,181.28,USDT,11522149829782482944,RosBank,1692376047
Saint8,25568.45,USDT,11520755911367680000,RosBank,1692376047
TMT_24,1089.64,USDT,11518919711172759552,RosBank,1692376047
mexan1k,158.06,USDT,11522626340852236288,RosBank,1692376047
d_ex4,1990.91,USDT,11521932921968984064,Russian Standard Bank,1692376047
Integrad,5097.45,USDT,11521450312278822912,Raiffeisenbank,1692376047
kevinstark,2568.61,USDT,11519763831186247680,RosBank,1692376047
musa,1106.51,USDT,11494051882232176640,Tinkoff,1692376047
Syslik_forever,378.62,USDT,11506828573244772352,Tinkoff,1692376047
xurshed_01,81.23,USDT,11516728186167762944,Tinkoff,1692376047
Vallyok,381.02,USDT,11522293544592543744,Tinkoff,1692376047
Mr_Umbro,1464.87,USDT,11519725499221360640,Tinkoff,1692376047
skilledunit,99.90,USDT,11502645959492411392,Raiffeisenbank,1692376047
KIP15,736.44,USDT,11522653553097744384,Tinkoff,1692376047
Denchikdon,76.24,USDT,11522071913687896064,RosBank,1692376047
P2Pyuz,108.41,USDT,11522298856759107584,Post Bank,1692376047
nina2000,243.92,USDT,11522557487954341888,Post Bank,1692376047
TheSameMAZHOR,8530.12,USDT,11519420138056433664,Raiffeisenbank,1692376047
Marisa233,213.25,USDT,11522554999789457408,RosBank,1692376047
Soryan,191.13,USDT,11519290651641757696,Tinkoff,1692376047
RazikAl,3937.34,USDT,11522461660991963136,BCS Bank,1692376047
P2PWithout3rdSide,15.37,USDT,11520264852527439872,Post Bank,1692376047
Semchik73,6962.16,USDT,11521199133574074368,Tinkoff,1692376047
P2Pbrother,5052.33,USDT,11522634447997599744,Raiffeisenbank,1692376047
Bratishhhka,16131.56,USDT,11514952922098409472,RosBank,1692376047
Currency_usdtt,151.04,USDT,11522660034748096512,Tinkoff,1692376047
MainMerchant,2661.33,USDT,11522557787468267520,RosBank,1692376047
Maga_95,4948.90,USDT,11512038227447046144,RosBank,1692376047
Big-Boss-Umar,285.47,USDT,11522589284039577600,Tinkoff,1692376047
baltach,900.99,USDT,11513723665286397952,Home Credit Bank (Russia),1692376047
Exchange,999.01,USDT,11505123795351490560,Tinkoff,1692376047
,233.24,USDT,11522565213639680000,Tinkoff,1692376047
BOSINKA,257.26,USDT,11522642579137163264,Tinkoff,1692376047
Aka_Secha,947.72,USDT,11522596660190945280,Tinkoff,1692376047
ODEALO,106.60,USDT,11519698466903134208,RosBank,1692376047
khairyMag,135.89,USDT,11522592595859984384,Tinkoff,1692376047
bit080,62.63,USDT,11522601602635300864,Tinkoff,1692376047
vldslv_btc,949.28,USDT,11521966729994113024,Tinkoff,1692376047
Belasalat,103.80,USDT,11521449212109373440,Home Credit Bank (Russia),1692376047
ASAPCoins,2365.41,USDT,11521146072651300864,RosBank,1692376047
DemoiselleMonica,327.97,USDT,11521550334808895488,Tinkoff,1692376047
dzinCH,1043.37,USDT,11522609295771959296,Tinkoff,1692376047
Tomtommi13,182.21,USDT,11522644555963412480,Tinkoff,1692376047
Rony_no1,2382.78,USDT,11514731691812331520,BCS Bank,1692376047
KisaMoney,5467.33,USDT,11521756660191891456,Raiffeisenbank,1692376047
hiboy_sberbk,99.90,USDT,11520880544028672000,Tinkoff,1692376047
koob111,15.59,USDT,11522592083176275968,Tinkoff,1692376047
Infinity_PROFIT,105.44,USDT,11521898484285931520,Tinkoff,1692376047
13122017,179.51,USDT,11521207846385729536,Tinkoff,1692376047
Fast-Girl,329.67,USDT,11515663204061966336,Þmoney,1692376047
xxxKPBxxx,112.58,USDT,11522626417305505792,RosBank,1692376047
svetakonfeta22,54.70,USDT,11522609916647247872,RosBank,1692376047
Wolpe,99.90,USDT,11515684296852312064,Þmoney,1692376047
Gold-Trade,109.89,USDT,11520423702843076608,Þmoney,1692376047
iktorichka,860.95,USDT,11514259376254283776,RosBank,1692376047
Bratishhhka,3178.67,USDT,11510986624115306496,Raiffeisenbank,1692376047
Eletrade,219.78,USDT,11521057715179610112,Þmoney,1692376047
AG-chench,15610.90,USDT,11488266829005873152,Tinkoff,1692376047
viu-chase,99.90,USDT,11520449755997351936,Tinkoff,1692376047
_Broker535,10047.87,USDT,11488174523793915904,Tinkoff,1692376047
GuruV,309.81,USDT,11522283893878882304,MTS-Bank,1692376047
Krot,4091.31,USDT,11517879394184331264,Credit Europe Bank (Russia),1692376047
BINDEALER,441.68,USDT,11518288924614959104,Raiffeisen Bank Aval,1692376047
BINDEALER,441.68,USDT,11518288924614959104,Raiffeisen Bank Aval,1692376047
dad il,1051.57,USDT,11517810652845854720,Home Credit Bank (Russia),1692376047
akimba,1005.33,USDT,11520896584058179584,Tinkoff,1692376047
Assolll,625.60,USDT,11510215080255311872,Tinkoff,1692376047
MARK-01--,2539.64,USDT,11521781352867254272,Russian Standard Bank,1692376047
VivCash,116.75,USDT,11522254217863421952,Ak Bars Bank,1692376047
MoskowTown,2498.25,USDT,11519602017773039616,Þmoney,1692376047
Ddeck,212.04,USDT,11521468403819741184,Þmoney,1692376047
RenBro,7694.61,USDT,11519388745299603456,Tinkoff,1692376047
Merchant_yo,204.63,USDT,11522591095539843072,Þmoney,1692376047
krasavec,332.87,USDT,11514175378400550912,Renaissance Credit Bank,1692376047
Sebastian,145.70,USDT,11522655841099677696,Þmoney,1692376047
TipTop_Obmen,659.97,USDT,11518234647252533248,Uralsib Bank,1692376047
Garik0505,275.30,USDT,11521222255424024576,Raiffeisenbank,1692376047
Bitcoin_Shark,21632.24,USDT,11466100817934684160,Cash in Person,1692376047
Co-P2P,5097.31,USDT,11522611264329408512,Raiffeisenbank,1692376047
Universe_al,104.89,USDT,11519615268323672064,RosBank,1692376047
KAPTOIIIKA,430.58,USDT,11522653772483334144,Þmoney,1692376047
Radik_e,42.34,USDT,11522618805539737600,Ak Bars Bank,1692376047
Wshr333,107.61,USDT,11517538172346540032,Þmoney,1692376047
Bear777,103.93,USDT,11522320552913502208,Ak Bars Bank,1692376047
Buyseller,1507.78,USDT,11521774597126103040,RosBank,1692376047
Moksucha,99.90,USDT,11502173541143941120,Tinkoff,1692376047
Lite-Exchange,100.54,USDT,11517918198512287744,MTS-Bank,1692376047
Tim95_DEUTSCHLAND,4197.06,USDT,11517393367604764672,RosBank,1692376047
ancripto,213.85,USDT,11517454401053769728,RosBank,1692376047
ancripto,213.85,USDT,11517454401053769728,RosBank,1692376047
milka2021,999.02,USDT,11521492356990963712,Tinkoff,1692376047
-Garik-,1366.15,USDT,11522595799370588160,Tinkoff,1692376047
Bek_A1,1011.98,USDT,11522609978416586752,Tinkoff,1692376047
Hazina72,116.59,USDT,11521940969562681344,RosBank,1692376047
Crypto_punk81,506.90,USDT,11522616624555044864,MTS-Bank,1692376047
Lucrecia-D,126.08,USDT,11521584806348939264,Tinkoff,1692376047
Juice_063,108.01,USDT,11521909494401040384,Þmoney,1692376047
Bargevoz,149.85,USDT,11522347514570289152,Þmoney,1692376047
CoinCouture,118.41,USDT,11522588979680018432,Raiffeisenbank,1692376047
peterburger,1135.82,USDT,11515821180491980800,Bank Saint-Petersburg,1692376047
CryptoTrd,199.61,USDT,11512453245684498432,RosBank,1692376047
DJUMA,2498.00,USDT,11505693680592285696,RosBank,1692376047
lesya35,205.60,USDT,11522487957473120256,Þmoney,1692376047
,236.10,USDT,11522110448195686400,QIWI,1692376047
Insomnia,8485.36,USDT,11519213385999736832,RosBank,1692376047
Monz84,145.89,USDT,11522430935346106368,QIWI,1692376047
MrMistake,7722.82,USDT,11511901398596497408,Tinkoff,1692376047
den_ns,446.18,USDT,11520791802238668800,Ak Bars Bank,1692376047
Assad_7815,71.49,USDT,11522255082059554816,RosBank,1692376047
vil_gelm,691.77,USDT,11522294652198322176,Þmoney,1692376047
coinbase_01,361.82,USDT,11522610360148643840,QIWI,1692376047
Bits,99.90,USDT,11522124989991280640,Þmoney,1692376047
EVGENII130479,999.00,USDT,11507610706083745792,Uralsib Bank,1692376047
,197.97,USDT,11522661259527118848,QIWI,1692376047
SAMANIDS_2001,265.47,USDT,11522585835193155584,QIWI,1692376047
jdjdj,72.11,USDT,11521049472617779200,Tinkoff,1692376047
itsmefairy,249.50,USDT,11522665627426672640,QIWI,1692376047
RTSOKOL,495.72,USDT,11521929489026142208,QIWI,1692376047
vovatere1982,146.43,USDT,11519785903710433280,Tinkoff,1692376047
Crypto_trade777,351.49,USDT,11522610554466619392,QIWI,1692376047
Luxe_Change,6201.83,USDT,11460686055699836928,RosBank,1692376047
DROSE,18.80,USDT,11522365784806969344,QIWI,1692376047
Karakulev,3771.23,USDT,11522210306455113728,QIWI,1692376047
Medic97,604.77,USDT,11522580552464748544,QIWI,1692376047
nik_biz,116.47,USDT,11521913171585085440,QIWI,1692376047
Adams_Scrip,438.48,USDT,11522653580853448704,QIWI,1692376047
KIKbom,599.40,USDT,11506945402543509504,QIWI,1692376047
vahalavka,162.76,USDT,11522655240002621440,Tinkoff,1692376047
asylcorp,352.55,USDT,11522650507974172672,QIWI,1692376047
isma-05,989.68,USDT,11519246775343927296,Tinkoff,1692376047
EasyCryptoRu,899.10,USDT,11520777952133730304,MTS-Bank,1692376047
p2genius09,49.72,USDT,11510709785449373696,QIWI,1692376047
threecommas21,185.69,USDT,11517071391760375808,QIWI,1692376047
Crypto_Azia,313.57,USDT,11522638146753576960,QIWI,1692376047
_user007,115.34,USDT,11521907371006894080,QIWI,1692376047
WinsExchange,99.90,USDT,11520133457566031872,MTS-Bank,1692376047
Zunter,620.78,USDT,11521437619561816064,QIWI,1692376047
X_Crypto,1204.37,USDT,11506189841035919360,QIWI,1692376047
Tatysya,329.67,USDT,11519381334224891904,QIWI,1692376047
Roma0207,378.00,USDT,11522178740664270848,QIWI,1692376047
asiddogg,504.49,USDT,11522664697307484160,QIWI,1692376047
MehrobBoevich,206.94,USDT,11522430374331613184,QIWI,1692376047
legion,202.79,USDT,11504797821418786816,Tinkoff,1692376047
TYDASYDA,206.83,USDT,11509572832346361856,Þmoney,1692376047
Tesla0202,999.00,USDT,11520873213241528320,QIWI,1692376047
ArtyMatevus15,199.80,USDT,11521253127309393920,QIWI,1692376047
ONLINE7777,16.00,USDT,11522577562665930752,QIWI,1692376047
ANGEL756,18.00,USDT,11521186300473454592,QIWI,1692376047
Grey-12,4246.49,USDT,11519730391475159040,QIWI,1692376047
tomboy_,1498.50,USDT,11520530324068409344,QIWI,1692376047
TEZ_OBMEN_VALUT,3297.36,USDT,11522287605737259008,QIWI,1692376047
Leyla_Myr,599.40,USDT,11522645396146487296,QIWI,1692376047
P2Ola,6672.08,USDT,11522612226284957696,QIWI,1692376047
starikov1995,920.01,USDT,11521170945358516224,QIWI,1692376047
yodamaney,71.24,USDT,11521122556174065664,MTS-Bank,1692376047
Knager2112,287.30,USDT,11522642579500728320,QIWI,1692376047
MoneyYooMoney,103.50,USDT,11521471248725643264,Þmoney,1692376047
KiVi13,4870.61,USDT,11514291230373371904,Raiffeisenbank,1692376047
,40.43,USDT,11522280273449783296,Airtime Mobile Top-Up,1692376047
SHIGI29,1013.98,USDT,11522664890941988864,Þmoney,1692376047
CaHuTaP1,312.52,USDT,11517419067448500224,QIWI,1692376047
Meta_Up,127.87,USDT,11522663096191737856,QIWI,1692376047
justGame,131.86,USDT,11520861301168787456,Þmoney,1692376047
Futir,984.68,USDT,11514860789763190784,QIWI,1692376047
exchange815,782.83,USDT,11522068118223773696,QIWI,1692376047
st0rm,4043.25,USDT,11522225151606611968,QIWI,1692376047
TYDASYDA,255.45,USDT,11509573490860232704,QIWI,1692376047
Bit-Baza,3120.68,USDT,11519919812714307584,QIWI,1692376047
AlexPalexx,55.71,USDT,11522254571317739520,Tinkoff,1692376047
Vilenchikk,4621.86,USDT,11522564653275336704,Tinkoff,1692376047
Best-p2p-fast,600.00,USDT,11519072009530568704,RosBank,1692376047
ARM-CHANGE,394.54,USDT,11521890130353512448,Þmoney,1692376047
Viktoria083,515.33,USDT,11522187954524901376,Tinkoff,1692376047
zdy_tebya,109.48,USDT,11517549600511221760,QIWI,1692376047
Buster_Scruggs,199.80,USDT,11463642962628521984,Þmoney,1692376047
Zunter,251.22,USDT,11522107900666642432,Þmoney,1692376047
Saidmumin08,205.58,USDT,11522636684762976256,Þmoney,1692376047
G007EV,954.64,USDT,11519145631592222720,Þmoney,1692376047
config730,674.22,USDT,11519274666441453568,QIWI,1692376047
Asword99,2997.00,USDT,11521595408466923520,Advcash,1692376047
CryptoAlldan,5469.52,USDT,11517884529383571456,Þmoney,1692376047
Ultimo77,460.90,USDT,11522513573690937344,Tinkoff,1692376047
btc-usdt-exchange,134.14,USDT,11517838249513779200,Raiffeisenbank,1692376047
ti_zahodi_ecli_4e,80.67,USDT,11520764290973089792,MTS-Bank,1692376047
viktoria25,124.87,USDT,11486584394519584768,MTS-Bank,1692376047
Kriptosindicat,76.44,USDT,11521958838351101952,Payeer,1692376093
Tatarin26,416.56,USDT,11525885036660920320,Tinkoff,1692376093
Timblack10,2084.51,USDT,11523258337939902464,Raiffeisenbank,1692376093
cryptorozki,638.90,USDT,11525888739346132992,RosBank,1692376093
GOOD_PRICE_CRYPTO,486.12,USDT,11525508101195644928,RosBank,1692376093
florgesss,177.60,USDT,11498102617061113856,Tinkoff,1692376093
Shinkevlch,490.98,USDT,11521070365555515392,RosBank,1692376093
aalexxs,270.95,USDT,11511717535109087232,Tinkoff,1692376093
WorldBTC,10724.87,USDT,11525888005220917248,RosBank,1692376093
7avagee,17.71,USDT,11522664535844167680,RosBank,1692376093
yanmikhin,723.90,USDT,11524421011108487168,Tinkoff,1692376093
Abu_yusuf11,1478.35,USDT,11525869364685508608,RosBank,1692376093
DimDimbl4,221.00,USDT,11525862124063809536,Home Credit Bank (Russia),1692376093
miho63,504.06,USDT,11524860669412909056,Tinkoff,1692376093
foraa_trade,293.61,USDT,11525872795431493632,QIWI,1692376093
Marselle_bbx,825.24,USDT,11519168306752819200,Tinkoff,1692376093
AViS,399.17,USDT,11497283927214399488,Þmoney,1692376093
dobriyak,29962.28,USDT,11523773387398770688,RosBank,1692376093
CRYPTO_LLAMA_LLC,600.10,USDT,11524737007478140928,Revolut,1692376106
Vera_v_btc,426.17,USDT,11524811930374725632,Advcash,1692376138
TrudEx24,1598.40,USDT,11525595074007900160,Raiffeisenbank,1692376138
Bltr,166.90,USDT,11525887832846487552,RosBank,1692376138
GRITHER_INVEST-TEAM3,179.21,USDT,11524336297867042816,RosBank,1692376138
UMBRICK,231.31,USDT,11523209411558187008,Tinkoff,1692376138
PrizeMan,1574.45,USDT,11449668827711995904,Tinkoff,1692376138
K-2_Trade,280.96,USDT,11525857543098785792,Tinkoff,1692376138
Crypto_chain59,1273.45,USDT,11521783016728334336,Tinkoff,1692376138
ArtZu,1904.98,USDT,11525361686809010176,Tinkoff,1692376138
ImSever777,3037.90,USDT,11518978520549670912,Tinkoff,1692376138
,85.70,USDT,11525824492393418752,Tinkoff,1692376138
WhiteExc,815.45,USDT,11524758115476488192,Þmoney,1692376138
p2p_Without3rdSide,100.00,USDT,11523523306267729920,MTS-Bank,1692376138
manuchehr01,1000.00,USDT,11525765880488898560,QIWI,1692376138
Medic97,405.63,USDT,11525343682987614208,QIWI,1692376138
Djangarov,307.41,USDT,11525885272200036352,Airtime Mobile Top-Up,1692376138
Vildan89,27.53,USDT,11522099192516907008,Raiffeisenbank,1692376138
WhiteEagl,9995.00,USDT,11522495795081175040,Tinkoff,1692376138
Sashasp,186.99,USDT,11520706433307856896,Tinkoff,1692376138
DaniilGalitskii,210.15,USDT,11477561550083686400,esk spoitelna,1692376140
Top-Marchant-World,270.00,USDT,11523666616078925824,Revolut,1692376167
MNMKZ,153.15,USDT,11525868708736204800,Revolut,1692376167
AnnDan2005,247.21,USDT,11525867384253681664,Wise,1692376167
Punchapunqui,576.41,USDT,11525567256746102784,Bizum,1692376167
olga_bestprice,466.04,USDT,11524812864919891968,Advcash,1692376183
nfs-303,987.09,USDT,11525752618937135104,RosBank,1692376183
FORMULA_1,310.62,USDT,11512358972526170112,Raiffeisenbank,1692376183
Hilton_Group,369.06,USDT,11523325321911775232,RosBank,1692376183
Timblack10,2084.51,USDT,11523258337939902464,Raiffeisenbank,1692376183
BTCtrade24,267.81,USDT,11521855687700336640,RosBank,1692376183
fx06,2997.90,USDT,11479383996086071296,Tinkoff,1692376183
Aimakan56,762.13,USDT,11525890184678293504,Tinkoff,1692376183
PLuxuryExchange,540.55,USDT,11525666699519430656,Tinkoff,1692376183
Friendbit,3671.96,USDT,11508820022029742080,Tinkoff,1692376183
HEETS56,1170.69,USDT,11514301784285220864,Tinkoff,1692376183
Grizzly17,322.16,USDT,11525886992492015616,RosBank,1692376183
Áîá¸ð,4492.50,USDT,11524882754113241088,RosBank,1692376183
Sharifobidov27031992,1387.99,USDT,11525879729279938560,RosBank,1692376183
Mariam,320.52,USDT,11439103188152532992,MTS-Bank,1692376183
irdal,200.37,USDT,11517897224616247296,MTS-Bank,1692376183
__H__M__H__,224.15,USDT,11522606587488858112,Uralsib Bank,1692376183
ArticTruk,3991.02,USDT,11525881983165374464,Tinkoff,1692376183
BINDEALER,2887.36,USDT,11522145750507687936,QIWI,1692376183
CoinBridge_irk,5128.27,USDT,11525819078653689856,Raiffeisenbank,1692376227
Crypto_USDT_RUB,769.42,USDT,11525780011531571200,Raiffeisenbank,1692376227
cryptorozki,378.43,USDT,11525888739346132992,RosBank,1692376227
magomedovw,144.15,USDT,11525876596894130176,Raiffeisenbank,1692376227
CORP_UMBRA,939.71,USDT,11501628836518768640,Tinkoff,1692376227
florgesss,1537.21,USDT,11498102617061113856,Tinkoff,1692376227
Fittas,10.68,USDT,11510903018048446464,Tinkoff,1692376227
Noname,191.80,USDT,11525126400777764864,Þmoney,1692376227
Masterau,56.16,USDT,11525885159068835840,QIWI,1692376227
SpeedyProvider,1275.60,USDT,11525462211030679552,Bank Transfer,1692376228
laktoza,668.54,USDT,11525861325200883712,SEPA Instant,1692376228
BillionaireExOlga24,4696.34,USDT,11525803960001384448,Revolut,1692376228
Anton13,2528.62,USDT,11525439345686319104,RosBank,1692376272
,2279.67,USDT,11525360343382765568,RosBank,1692376272
Alex_UNUM,863.97,USDT,11525082137970880512,RosBank,1692376272
sabr_0107,702.80,USDT,11525846258892558336,RosBank,1692376272
GOOD_PRICE_CRYPTO,434.04,USDT,11525508101195644928,RosBank,1692376272
Shinkevlch,459.75,USDT,11521070365555515392,RosBank,1692376272
mor1es,1998.60,USDT,11514140097918795776,Tinkoff,1692376272
MustBTC,6082.63,USDT,11521438535264522240,Tinkoff,1692376272
Ak_Bars,311.96,USDT,11501714979648229376,Tinkoff,1692376272
love7241,532.94,USDT,11525876804096835584,Tinkoff,1692376272
OOOKabanchikom19,3042.30,USDT,11525218587178360832,Tinkoff,1692376272
shon09,23.82,USDT,11524700460637954048,Tinkoff,1692376272
Doof2430,93.88,USDT,11525865337022287872,Tinkoff,1692376272
Adams_Scrip,791.47,USDT,11525558995672977408,QIWI,1692376272
MARS_92,604.17,USDT,11519406040800358400,Raiffeisenbank,1692376317
P2P_POVELITEL,608.30,USDT,11525878562383294464,Raiffeisenbank,1692376317
Bugs___Bunny,1504.28,USDT,11525772446040588288,Raiffeisenbank,1692376317
K-2_Trade,104.21,USDT,11525857543098785792,Tinkoff,1692376317
Rufat,598.25,USDT,11525622442990977024,Tinkoff,1692376317
i721,124.74,USDT,11524695329872990208,RosBank,1692376317
Co-P2P,2083.69,USDT,11523365289016229888,Raiffeisenbank,1692376317
MoskowTown,2508.94,USDT,11525716182917378048,Þmoney,1692376317
FRAT_Exchange,2317.68,USDT,11525857724806135808,QIWI,1692376317
P2Ola,17799.06,USDT,11525845646766198784,QIWI,1692376317
chemsou-dz,333.55,USDT,11516383565629767680,Advcash,1692376351
mademan,557.86,USDT,11525860092121640960,Wise,1692376351
P2P-International,76.63,USDT,11495400810337595392,SEPA Instant,1692376351
YUNKE_99,997.17,USDT,11505250743930990592,Advcash,1692376351
ollieraxmon,5362.51,USDT,11525810028928057344,RosBank,1692376362
Tihiro,331.65,USDT,11485575650636980224,RosBank,1692376362
pilot shoh,4867.34,USDT,11518673838366400512,RosBank,1692376362
TRADER190988,2024.63,USDT,11525169417464926208,Raiffeisenbank,1692376362
TRADER190988,2024.63,USDT,11525169417464926208,Raiffeisenbank,1692376362
P2Pbrother,408.52,USDT,11525879727872622592,Raiffeisenbank,1692376362
Murik666,276.67,USDT,11525865933034930176,Tinkoff,1692376362
Crypto_Coins,572.40,USDT,11513992744469848064,Tinkoff,1692376362
Nikita5555,99.95,USDT,11525164045850042368,Tinkoff,1692376362
Best_Price_P2P,627.45,USDT,11525817532952494080,Tinkoff,1692376362
MATEMENTS,1817.03,USDT,11525546954142953472,Raiffeisenbank,1692376362
95IVAN,466.58,USDT,11512337652289622016,Tinkoff,1692376362
Noname,191.80,USDT,11525126400777764864,Þmoney,1692376362
Tatarwin,16.91,USDT,11525819541459042304,QIWI,1692376362
anverman,106.39,USDT,11520776574353727488,Tinkoff,1692376362
MoneyMaker,440.00,USDT,11515234188339830784,Home Credit Bank (Russia),1692376362
-PRINCE-,4996.50,USDT,11522763078018277376,Ak Bars Bank,1692376362
AnarkezJJ,349.65,USDT,11524661191040843776,RosBank,1692376407
cryptorozki,425.41,USDT,11525888739346132992,RosBank,1692376407
GEORARE,266.85,USDT,11515241695309271040,Raiffeisenbank,1692376407
ded_makar,156.30,USDT,11525790496366239744,RosBank,1692376407
Matangaman,1210.13,USDT,11479100350901141504,RosBank,1692376407
RI_crypto,393.44,USDT,11524304974243065856,Tinkoff,1692376407
Fairsale33,665.59,USDT,11525874065857335296,RosBank,1692376407
Grizzly17,234.70,USDT,11525886992492015616,RosBank,1692376407
CORP_UMBRA,419.42,USDT,11501628836518768640,Tinkoff,1692376407
Tigr_arturovich,1604.69,USDT,11525822380924166144,Þmoney,1692376407
User1199273,120.00,USDT,11525891138814758912,Wise,1692376413
assofaa,332.95,USDT,11525845186456920064,RosBank,1692376451
,2279.67,USDT,11525360343382765568,RosBank,1692376451
Crypto_USDT_RUB,1115.85,USDT,11525780011531571200,Raiffeisenbank,1692376451
arginikidze,202.79,USDT,11525878648862932992,RosBank,1692376451
Magnat312,5250.82,USDT,11525891719285809152,Tinkoff,1692376451
GRITHER_INVEST-TEAM1,446.93,USDT,11525235736227262464,Tinkoff,1692376451
HEETS56,391.48,USDT,11514301784285220864,Tinkoff,1692376451
Zoha-p2p,600.43,USDT,11525877757435502592,RosBank,1692376451
Abu_yusuf11,1062.61,USDT,11525869364685508608,RosBank,1692376451
_ayub,588.07,USDT,11525824252852195328,Tinkoff,1692376451
miho63,504.06,USDT,11524860669412909056,Tinkoff,1692376451
GalinaGB,63.53,USDT,11524993798338854912,Tinkoff,1692376451
chemsou-dz,216.46,USDT,11516383565629767680,Advcash,1692376475
CoinBridge_irk,956.83,USDT,11525819078653689856,Raiffeisenbank,1692376496
Nii_bi77,179.71,USDT,11525444599694331904,RosBank,1692376496
GARIKD1212,614.17,USDT,11515609819140984832,RosBank,1692376496
Aimakan56,166.93,USDT,11525890184678293504,Tinkoff,1692376496
Polina_SBP,1798.20,USDT,11525876840027365376,Home Credit Bank (Russia),1692376496
OOOKabanchikom19,650.99,USDT,11525218587178360832,Tinkoff,1692376496
EagleExchange,2072.66,USDT,11483979756409257984,Tinkoff,1692376496
,19.46,USDT,11525873808693809152,Tinkoff,1692376496
Terminator,999.00,USDT,11522057973913432064,Home Credit Bank (Russia),1692376496
olga_bestprice,306.19,USDT,11524812864919891968,Advcash,1692376541
malinki_exchange,1053.52,USDT,11525869864323739648,Raiffeisenbank,1692376541
Maratt_1,2177.44,USDT,11525881416519516160,RosBank,1692376541
Onyx,24394.26,USDT,11518703497704742912,RosBank,1692376541
CryptooMagnat,389.08,USDT,11525854829731999744,RosBank,1692376541
darhan357,275.23,USDT,11524195159834578944,RosBank,1692376541
po100l,44.88,USDT,11525889358094483456,RosBank,1692376541
CryptoTonya,1498.58,USDT,11484421366493581312,Tinkoff,1692376541
Murik666,245.49,USDT,11525865933034930176,Tinkoff,1692376541
RI_crypto,393.44,USDT,11524304974243065856,Tinkoff,1692376541
VanHe1sing,56.92,USDT,11509083027343687680,Tinkoff,1692376541
shahruz_p2p,139.72,USDT,11525862356145094656,QIWI,1692376541
dobriyak,29962.28,USDT,11523773387398770688,RosBank,1692376541
MustBTC,1557.53,USDT,11521438535264522240,Tinkoff,1692376587
Crypto_chain59,1299.48,USDT,11521783016728334336,Tinkoff,1692376587
JustinTamerlan,5003.64,USDT,11520414821916700672,Tinkoff,1692376587
OOOKabanchikom19,339.09,USDT,11525218587178360832,Tinkoff,1692376587
Friendbit,333.10,USDT,11508820022029742080,Tinkoff,1692376587
ABC_exchange_1,11024.18,USDT,11525823772878233600,RosBank,1692376587
GRITHER_INVEST-TEAM1,789.51,USDT,11525235736227262464,Tinkoff,1692376587
PLuxuryExchange,159.84,USDT,11525666699519430656,Tinkoff,1692376587
Xas111,96.71,USDT,11398912419192258560,RosBank,1692376587
Trade1761,379.15,USDT,11510623856236363776,QIWI,1692376587
khasaev5555,7559.13,USDT,11518895772660027392,Raiffeisenbank,1692376587
Biofoda-Firm,11406.03,USDT,11521069702973063168,Wise,1692376597
KALOSHKINI,157.61,USDT,11525841050828730368,Wise,1692376608
Rocky077,991.96,USDT,11525831993081987072,esk spoitelna,1692376608
001zz01,109.89,USDT,11525892285297315840,RosBank,1692376631
The best of the best,1498.95,USDT,11471076240145100800,RosBank,1692376631
ollieraxmon,2876.60,USDT,11525810028928057344,RosBank,1692376631
CryptooMagnat,545.38,USDT,11525854829731999744,RosBank,1692376631
CORP_UMBRA,104.68,USDT,11501628836518768640,Tinkoff,1692376631
Criptosha29,1840.70,USDT,11468653334048677888,Tinkoff,1692376631
Maximum,1969.92,USDT,11332220466514374656,RosBank,1692376631
