PRO_FESSIONAL,0.11990000,BTC,11513939169357619200,ZEN,1692376035
VitaliiMelnyk,0.00034361,BTC,11503467234876051456,Fio banka,1692376035
Lfa_p2p,0.01348651,BTC,11517818561400815616,Monobank,1692376036
Kut-V,0.04285757,BTC,11522550977914646528,Privat Bank (Universal Card),1692376036
DANTRD,0.04276318,BTC,11488958381051191296,Monobank,1692376036
RomanGan,0.02997002,BTC,11522660733549625344,Monobank,1692376036
MomentTrade,0.00724109,BTC,11522536534129115136,Privat Bank (Universal Card),1692376036
joyxbox,0.00705904,BTC,11519898618577866752,Monobank,1692376036
kuzma19,0.00116494,BTC,11500608546004758528,Monobank,1692376036
cracenli,0.00590591,BTC,11522624688779767808,Privat Bank (Universal Card),1692376036
MasterMason,0.02817419,BTC,11520435943214768128,Privat Bank (Universal Card),1692376036
Deftbear,0.00409272,BTC,11485348621557362688,Monobank,1692376036
YourProfit,0.00179409,BTC,11519403854123855872,Privat Bank (Universal Card),1692376036
-Crypto-S-,0.00053572,BTC,11520156678949322752,Monobank,1692376036
wakran,0.01680823,BTC,11506574063629946880,A-Bank,1692376036
SellBuy,0.00748509,BTC,11518149884680441856,Monobank,1692376036
diplomat,0.02512854,BTC,11516893434328133632,Monobank,1692376036
Vus444,0.05496152,BTC,11521852061725360128,PUMB,1692376036
SmartOTC,1.63123058,BTC,11514844698299609088,SEPA Instant,1692376036
-Crypto_Merchant-,0.00680404,BTC,11515006146820124672,Advcash,1692376036
ElyLeber,0.01792741,BTC,11521208640839438336,SEPA (EU) bank transfer,1692376036
andlunah,0.00296338,BTC,11509287047467139072,Postepay,1692376036
crazybutterfly,0.54965709,BTC,11522417215835508736,Advcash,1692376036
Sgara,0.11993817,BTC,11355186367811047424,SEPA Instant,1692376036
VIP11KZ,0.00400000,BTC,11522258083422351360,Advcash,1692376036
,0.00599000,BTC,11521888372543873024,Revolut,1692376036
Syavko,0.03417853,BTC,11516431220098310144,Wise,1692376036
BitSwifty,0.46644117,BTC,11520074594274775040,SEPA (EU) bank transfer,1692376036
Coins_Masters,0.00279421,BTC,11520398315165720576,Perfect Money,1692376036
Adonis020,0.00544625,BTC,11522403707622506496,Wise,1692376036
KramShop,0.21869451,BTC,11522604199193350144,N26,1692376036
NobleDigital,1.04600000,BTC,11522615453409546240,SEPA Instant,1692376036
SAFETY_CAMBIO,0.13907185,BTC,11451210026386292736,Wise,1692376036
Mr-PresidentIV,0.08278535,BTC,11522193726396018688,Wise,1692376036
NobleDigital,1.01000000,BTC,11522477153575088128,SEPA Instant,1692376036
TrustExchangeX,0.44868400,BTC,11520390659057000448,ZEN,1692376036
Fespamar,0.03109668,BTC,11518341269058269184,Neteller,1692376036
vampyro,0.03105296,BTC,11522564946292670464,Wise,1692376036
Oficial Cripto,0.00310340,BTC,11442175653384232960,Skrill (Moneybookers),1692376036
Fer2050,0.09117208,BTC,11490789806963085312,International Wire (SWIFT),1692376036
ann_y,0.00097622,BTC,11519700198416683008,Revolut,1692376036
Poizoo,0.00232187,BTC,11522576150544072704,Skrill (Moneybookers),1692376037
SP-Exchange,0.01393507,BTC,11522653859906555904,AirTM,1692376037
MENEZGI,0.03955390,BTC,11465719547195461632,Banesco Panama,1692376037
Maibeth,0.00498603,BTC,11522272307113472000,AirTM,1692376037
STUAR2024,0.01075486,BTC,11522363597192089600,Zinli,1692376037
Matango,0.09573195,BTC,11474405849620795392,Banco del pacifico,1692376037
M M Aly,0.18714145,BTC,11458662444903309312,AirTM,1692376037
ush_iv,0.12544486,BTC,11520022203771338752,Wise,1692376037
Dagem,0.20080789,BTC,11498683708540440576,Wise,1692376037
Tamydlg,0.00065474,BTC,11511176181372952576,AirTM,1692376037
Trader_Breath,0.08569767,BTC,11521561451621212160,Skrill (Moneybookers),1692376037
COMERCIO--ECUADOR,0.01636894,BTC,11486699457538752512,AirTM,1692376037
LFRTrading,0.03090527,BTC,11517906104223764480,Banco General Panama,1692376037
Dancar81,0.02135870,BTC,11522592557657387008,Perfect Money,1692376037
Lucky_Khmer,0.00065024,BTC,11517435573595426816,ABA,1692376037
Golden_Chris,0.00099651,BTC,11456491444205441024,Bank Transfer (Taiwan),1692376037
cryptocambios,0.01758659,BTC,11522652344598265856,Produbanco,1692376037
ECU-CAMBIOS,0.04685420,BTC,11514638084559884288,Banco Bolivariano,1692376037
M M Aly,0.08244191,BTC,11503227788253282304,Dukascopy Bank,1692376037
DEABLO,0.00986547,BTC,11492275100499050496,Ipak Yuli Bank,1692376037
COMERCIO--ECUADOR,0.01577008,BTC,11482179818040827904,Banco del pacifico,1692376037
alfredoagrela®,0.01096912,BTC,11469095169982521344,Credit Bank of Peru,1692376037
alfredoagrela®,0.00997207,BTC,11354934947893305344,Zinli,1692376037
TitaniumCriptoFC,0.10466431,BTC,11222872852314849280,Bank Transfer (Argentina),1692376037
Earhshaker,0.01541171,BTC,11522663397501816832,Tinkoff,1692376040
raxras1994,0.00173932,BTC,11522665711923699712,Tinkoff,1692376040
ZEROspread,0.28882781,BTC,11496576948351438848,Tinkoff,1692376040
p2p_cryptofam,0.06956973,BTC,11511766639372935168,Tinkoff,1692376040
P2P_Mama,0.06004464,BTC,11514137072530653184,Tinkoff,1692376040
I-mate,0.02694230,BTC,11515630082020360192,Tinkoff,1692376040
Iustarg,0.19325572,BTC,11522331199985352704,RosBank,1692376040
MarlonCrypto,0.17991004,BTC,11518871445617385472,Tinkoff,1692376040
PhoenixTrade,0.16491754,BTC,11511049272788713472,Tinkoff,1692376040
Masha,0.02991911,BTC,11517149366215565312,RosBank,1692376040
CriptoP2P70rus,0.01217871,BTC,11484857497930596352,RosBank,1692376040
Raisin23,0.02121325,BTC,11522633276701741056,RosBank,1692376040
1iz-OZ,0.02486285,BTC,11513049595933970432,RosBank,1692376040
SaybeR10,0.03051226,BTC,11451646921042145280,RosBank,1692376040
Mikle013,0.00327674,BTC,11520480601234776064,Advcash,1692376040
Binancen,0.00827628,BTC,11504507007529648128,RosBank,1692376040
cryptolove,0.05061644,BTC,11519956686251298816,RosBank,1692376040
cryptonata,0.08698855,BTC,11516979450733682688,RosBank,1692376040
Serg_Crypto,0.01833620,BTC,11522619355967315968,Raiffeisenbank,1692376040
McSimov_Crypto,0.04679246,BTC,11522648125982121984,Tinkoff,1692376040
Alik59,0.00487207,BTC,11522662722413232128,Tinkoff,1692376040
Miklsalda,0.00181522,BTC,11514297278543753216,Tinkoff,1692376040
MineimaP2P,0.13636873,BTC,11509870894763294720,RosBank,1692376040
POZITIV56,0.00130886,BTC,11456988591033180160,RosBank,1692376040
chestnost_i_otvaga,0.01166735,BTC,11522636918079942656,Raiffeisenbank,1692376040
elenavasilevna,0.00310689,BTC,11510304211850788864,MTS-Bank,1692376040
Pperykoin,0.02529522,BTC,11521535360545869824,Raiffeisenbank,1692376040
Fastchange_RU,0.00170648,BTC,11522628368700170240,RosBank,1692376040
Celentano,0.02397601,BTC,11519612454673334272,Raiffeisenbank,1692376040
BISTROTRAIDE,0.00033660,BTC,11450471050824245248,Raiffeisenbank,1692376040
Opinara,0.08380456,BTC,11510679743021572096,Tinkoff,1692376040
DANIMBTCEX,0.00097607,BTC,11522627846360977408,Ak Bars Bank,1692376040
LepreCoin,0.13225050,BTC,11505819091273605120,Tinkoff,1692376040
Exchanger_N1,0.11475911,BTC,11504713801502834688,RosBank,1692376040
slandler,0.00079920,BTC,11518168678533566464,Post Bank,1692376040
MOREMAN_1,0.02195005,BTC,11522522227576877056,RosBank,1692376040
Wazoonova,0.01678730,BTC,11522629886384672768,Tinkoff,1692376040
Vse horoshO,0.00693777,BTC,11522621443613208576,RosBank,1692376040
ctputpeucep,0.00211430,BTC,11522442935055073280,Tinkoff,1692376040
TimBOT_2551,0.00434952,BTC,11519578852452245504,Advcash,1692376040
_Meiram123_,0.01015966,BTC,11522585815014735872,Tinkoff,1692376040
daniji,0.13615946,BTC,11522606248237182976,RosBank,1692376040
VictorS73,0.00979282,BTC,11522625546596184064,Advcash,1692376040
murzacrypto,0.03423792,BTC,11515332823496318976,Tinkoff,1692376040
Drew_pxx,0.00022443,BTC,11436040751607758848,RosBank,1692376040
_Yanke_,0.04799795,BTC,11522636799128522752,RosBank,1692376040
Elkiigolki,0.00037841,BTC,11522536568533241856,Þmoney,1692376040
archa217,0.00081991,BTC,11513084254021799936,RosBank,1692376040
iamilyaboldyrev,0.00049950,BTC,11462828968483008512,Tinkoff,1692376040
kuz_ko_23,0.00669260,BTC,11520801770464739328,Raiffeisenbank,1692376040
Dvit,0.00082314,BTC,11521791053553000448,Þmoney,1692376040
RBArtemy,0.04112909,BTC,11522283056039235584,Raiffeisenbank,1692376040
NatalyaD,0.04995004,BTC,11515376160894402560,Raiffeisenbank,1692376040
AndreyDol,0.04363956,BTC,11516840814452891648,Tinkoff,1692376040
LeaGor,0.00034904,BTC,11522655292963606528,QIWI,1692376040
KUSH31,0.04967114,BTC,11522621382166700032,RosBank,1692376040
Crazy_moon,0.00642001,BTC,11522530833277222912,QIWI,1692376040
×åñòíûé Îáìåí,0.03496503,BTC,11516711207787405312,Home Credit Bank (Russia),1692376040
Spokoiny,0.00019101,BTC,11507405156928094208,RosBank,1692376040
BOSS-01,0.00750738,BTC,11513397731766923264,Tinkoff,1692376040
tojikp2p,0.00587154,BTC,11520992679069331456,QIWI,1692376040
Zunter,0.01073068,BTC,11521438858181201920,QIWI,1692376040
TYDASYDA,0.00368185,BTC,11520658767859343360,Home Credit Bank (Russia),1692376040
Bit-Baza,0.01498501,BTC,11510621960863322112,RosBank,1692376040
amirbek347,0.01868484,BTC,11519203936801099776,Tinkoff,1692376040
FastChange,0.00412616,BTC,11513921688349687808,QIWI,1692376040
RenBro,0.17218171,BTC,11519388534901297152,Ak Bars Bank,1692376040
TonyM209,0.01084774,BTC,11521210609536290816,Tinkoff,1692376040
RedSnout,0.00185515,BTC,11501642692390445056,MTS-Bank,1692376040
Dzheri,0.02297702,BTC,11515064256831877120,Raiffeisenbank,1692376040
AlaniCrypto,0.00032421,BTC,11517952169338560512,QIWI,1692376040
Moneymagnat,0.00014985,BTC,11519090631307001856,QIWI,1692376040
Light_111,0.06344355,BTC,11510983750189830144,RosBank,1692376040
baza-fh16,0.01039158,BTC,11525888783722237952,Tinkoff,1692376096
Veranikitina_btc,0.00962477,BTC,11485476344544030720,Þmoney,1692376096
P2P_Mama,0.00788901,BTC,11523678481133518848,Tinkoff,1692376153
NobleDigital,0.53200000,BTC,11525747860374016000,SEPA Instant,1692376352
PROFITonly,0.03802389,BTC,11515355496147927040,RosBank,1692376380
Treyders,0.00098778,BTC,11514888186684174336,A-Bank,1692376405
wilsonInvestment,0.00498603,BTC,11501537485775364096,Banco General Panama,1692376409
BogdanF,0.00273971,BTC,11481503394590896128,PUMB,1692376457
Vosit-official,0.00395175,BTC,11508846399929593856,RosBank,1692376493
dominoryadom13,0.00186924,BTC,11525891468430946304,Tinkoff,1692376607
Lemacoin,0.00666200,BTC,11442141636701687808,SEPA Instant,1692376774
PandA,0.00074637,BTC,11519589115683434496,RosBank,1692376835
DoFFi-trade,0.00056000,BTC,11525763834265206784,RosBank,1692377005
Criptowindy,0.00566592,BTC,11513859775471890432,Advcash,1692377118
PROFITonly,0.01698303,BTC,11515355496147927040,RosBank,1692377175
Treyders,0.00089156,BTC,11514888186684174336,A-Bank,1692377196
Shan,0.00071466,BTC,11477605218488795136,Monobank,1692377301
nikturev,0.02732463,BTC,11515308377410232320,Ak Bars Bank,1692377402
BogdanF,0.00319999,BTC,11481503394590896128,PUMB,1692377459
-nobody-,0.00374051,BTC,11520080344905064448,A-Bank,1692377723
CryptoLove,0.01401851,BTC,11479440078915682304,Advcash,1692377858
BogdanF,0.00319999,BTC,11481503394590896128,PUMB,1692377934
EagleExchange,0.23843371,BTC,11483979355467657216,Tinkoff,1692377971
_Broker535,0.24104160,BTC,11488173255010091008,Tinkoff,1692377971
Kripto_p2p,0.02659462,BTC,11518107593095344128,RosBank,1692377971
ALIENWARE-,0.00648102,BTC,11525893221929209856,Tinkoff,1692378029
_SEMOM_,0.00039220,BTC,11525604891188178944,Tinkoff,1692378085
dominoryadom13,0.00028544,BTC,11525891468430946304,Tinkoff,1692378142
Andry,0.00240991,BTC,11504123536795549696,Monobank,1692378198
BTC_CARDS,0.00499500,BTC,11525795021069504512,A-Bank,1692378198
Shan,0.00071466,BTC,11477605218488795136,Monobank,1692378250
Akbarchiki,0.00149985,BTC,11525885317093961728,Tinkoff,1692378369
PROFITonly,0.02200594,BTC,11515355496147927040,RosBank,1692378426
P2P_Mama,0.00583451,BTC,11523678481133518848,Tinkoff,1692378482
BIT_BULL,0.07900101,BTC,11522807736256335872,MTS-Bank,1692378482
niresvicente,0.00224371,BTC,11516077380954636288,Ita Uruguay,1692378491
PROFITonly,0.02222312,BTC,11515355496147927040,RosBank,1692378539
king_sigma,0.06235009,BTC,11525897724389924864,Raiffeisenbank,1692378539
Bimbu,0.01984247,BTC,11511711900134486016,Monobank,1692378567
Kripto_p2p,0.01861289,BTC,11518107593095344128,RosBank,1692378652
Ahiles,0.04986182,BTC,11520604352993427456,Raiffeisenbank,1692378652
Criptosha29,0.19920345,BTC,11428799760906674176,Tinkoff,1692378709
david,0.00440367,BTC,11514879274777751552,PUMB,1692378725
yurap2p,0.15304186,BTC,11502731952905199616,ABN AMRO,1692378727
H2O-PEKA_MOPE_OKEAH,0.00349556,BTC,11520879723065143296,Tinkoff,1692378766
Criptowindy,0.00366656,BTC,11513859775471890432,Advcash,1692378822
Raisin23,0.00720515,BTC,11525820081929691136,RosBank,1692378822
motorrr8,0.04699051,BTC,11525521750654263296,Tinkoff,1692378822
Mirik36,0.02108586,BTC,11525825671738077184,Tinkoff,1692378878
Treyders,0.00149702,BTC,11514888186684174336,Monobank,1692378884
SmartOTC,0.22908818,BTC,11456292625449938944,SEPA Instant,1692378885
allsb,0.02497502,BTC,11521015171004076032,QIWI,1692378934
PROFITonly,0.04444102,BTC,11525901838181093376,RosBank,1692378990
Lemacoin,0.00293405,BTC,11442141636701687808,SEPA Instant,1692379044
IBEROGESTION,0.00125937,BTC,11506809830280679424,Zinli,1692379078
Awesome,0.01531749,BTC,11525490994475245568,Þmoney,1692379385
Den-P2P,0.02584827,BTC,11513032995287801856,Raiffeisenbank,1692379499
_Broker535,0.22797513,BTC,11488173255010091008,Tinkoff,1692379555
CryptoGlobe_EXCHANGE,0.00086179,BTC,11516222212358320128,Perfect Money,1692379558
EBTCPRO,0.00155464,BTC,11504718848741502976,Monobank,1692379568
WarXtreme,0.00240852,BTC,11519828677220810752,Banco Pichincha,1692379665
trader_pk786,0.00746939,BTC,11520140489418280960,Wise,1692379665
kukub,0.05774842,BTC,11518176450125672448,A-Bank,1692379779
Evermode,0.09858036,BTC,11455233626794643456,ZEN,1692379834
PhoenixTrade,0.00497896,BTC,11511049272788713472,Tinkoff,1692379838
dominoryadom13,0.00327049,BTC,11525891468430946304,Tinkoff,1692379838
CryptoBank,0.02443447,BTC,11420817734698242048,MTS-Bank,1692379838
altair,0.00294735,BTC,11525455420747886592,RosBank,1692380009
dominoryadom13,0.00129422,BTC,11525891468430946304,Tinkoff,1692380066
GoldTrade,0.02626326,BTC,11518574477872300032,Wise,1692380198
GoldTrade,0.02997601,BTC,11518924221374156800,Privat Bank (Universal Card),1692380201
GoldTrade,0.04200000,BTC,11518561540069195776,Wise,1692380204
Vika,0.00658872,BTC,11518186123231727616,Privat Bank (Universal Card),1692380255
JawaCoin,0.01331189,BTC,11452737598507630592,SEPA (EU) bank transfer,1692380309
PRO100ÎÁÌÅÍ_ViP,0.05565571,BTC,11518144668310630400,Bank Transfer,1692380360
Opponent,0.00299700,BTC,11525024706559725568,Raiffeisenbank,1692380405
Lucian213,0.02437824,BTC,11525692716919316480,Tinkoff,1692380405
Yanisblk01,0.02500249,BTC,11516520476832669696,Wise,1692380411
-AuruM-,0.00679976,BTC,11518183458309386240,Monobank,1692380465
PROFITonly,0.01897308,BTC,11525901838181093376,RosBank,1692380518
nikturev,0.03002247,BTC,11515308377410232320,Raiffeisenbank,1692380518
Sergo7_,0.02669849,BTC,11525540846944444416,Raiffeisenbank,1692380688
TS_Cartel,0.10758059,BTC,11516669338892664832,RosBank,1692380744
Stanimur,0.10204740,BTC,11514227703999479808,Advcash,1692380744
brokercracker,0.28003041,BTC,11508890822314655744,Tinkoff,1692380858
P2P_Mama,0.00780416,BTC,11523678481133518848,Tinkoff,1692380914
DimaMoki,0.00376557,BTC,11525908653062823936,Tinkoff,1692380971
Techno,0.44661510,BTC,11484241994271150080,RosBank,1692380971
nikturev,0.02665534,BTC,11515308377410232320,Raiffeisenbank,1692380971
Treyders,0.00125723,BTC,11514888186684174336,Monobank,1692380992
_Broker535,0.01963566,BTC,11488173255010091008,Tinkoff,1692381198
Montana0701,0.40184171,BTC,11502920046900101120,SEPA (EU) bank transfer,1692381205
NobleDigital,4.00000000,BTC,11525752606665977856,SEPA Instant,1692381205
PROFITonly,0.00310007,BTC,11525901838181093376,RosBank,1692381424
NobleDigital,3.98200000,BTC,11525912143799463936,SEPA Instant,1692381468
FastChange,0.00762117,BTC,11523516941889306624,Post Bank,1692381481
,0.00032876,BTC,11525902314090147840,Raiffeisenbank,1692381537
Raisin23,0.01802229,BTC,11525820081929691136,RosBank,1692381537
PALLITET159rus,0.00058250,BTC,11524248297363533824,Renaissance Credit Bank,1692381537
Koriun,0.00119266,BTC,11525858649468125184,Monobank,1692381572
Sigmund,0.00230860,BTC,11522599400692940800,Tinkoff,1692381594
xuligan13_97,0.00140363,BTC,11525910480591474688,RosBank,1692381651
EagleExchange,0.33005221,BTC,11483979355467657216,Tinkoff,1692381707
PhoenixTrade,0.15467088,BTC,11511049272788713472,Tinkoff,1692381707
VooDoosh_,0.19119786,BTC,11520168278146650112,Tinkoff,1692381707
_Broker535,0.24759732,BTC,11488173255010091008,Tinkoff,1692381707
,0.00032876,BTC,11525902314090147840,Raiffeisenbank,1692381764
Akbarchiki,0.00052608,BTC,11525904964230111232,Tinkoff,1692381934
Lucian213,0.01785473,BTC,11525692716919316480,Tinkoff,1692381934
chilyvilly98,0.00661079,BTC,11525825606583869440,Monobank,1692382046
PRO100ÎÁÌÅÍ_ViP,0.05130535,BTC,11518144668310630400,Bank Transfer,1692382046
DimaMoki,0.00376557,BTC,11525911153594814464,Tinkoff,1692382048
Yanisblk01,0.02500249,BTC,11516520476832669696,Wise,1692382066
NobleDigital,3.98800000,BTC,11525914332739051520,SEPA Instant,1692382101
NobleDigital,2.21702111,BTC,11525915728514105344,SEPA Instant,1692382154
oorzhakk,0.00099900,BTC,11523271898659741696,RosBank,1692382161
_Broker535,0.23958739,BTC,11488173255010091008,Tinkoff,1692382161
david,0.00216101,BTC,11514879274777751552,PUMB,1692382205
Super crypto,0.08820913,BTC,11357454891461492736,Skrill (Moneybookers),1692382206
Super crypto,0.10000000,BTC,11340053969016553472,ZEN,1692382206
Criptosha29,0.19039854,BTC,11428799760906674176,Tinkoff,1692382273
Abramovkin,0.20984277,BTC,11478775332592218112,Tinkoff,1692382329
TAPACOBA,0.00392925,BTC,11453491855127670784,Þmoney,1692382329
kukub,0.15467088,BTC,11525889044183310336,Privat Bank (Universal Card),1692382416
Sergo7_,0.01875511,BTC,11525540846944444416,Raiffeisenbank,1692382442
xuligan13_97,0.00046249,BTC,11525910480591474688,RosBank,1692382498
brokercracker,0.29985007,BTC,11508890822314655744,Tinkoff,1692382498
Fast_rapido,0.00148033,BTC,11460234477732171776,Payeer,1692382546
Lucian213,0.00270767,BTC,11525692716919316480,Tinkoff,1692382554
Dark_princess,0.07691610,BTC,11508463817263185920,QIWI,1692382554
Opponent,0.00309690,BTC,11525024706559725568,Raiffeisenbank,1692382610
JoinCoin,0.01055729,BTC,11525863512635629568,RosBank,1692382610
Treyders,0.00064487,BTC,11514888186684174336,Monobank,1692382626
TS_Cartel,0.09967040,BTC,11516669338892664832,RosBank,1692382722
plati_cash,0.00393624,BTC,11525811164204257280,PUMB,1692382731
mamanikini,0.01659036,BTC,11525810074337148928,RosBank,1692382778
HonestFlow,0.00644128,BTC,11519963441034858496,Privat Bank (Universal Card),1692382784
Elkiigolki,0.00045939,BTC,11525917205508497408,Þmoney,1692382834
Alex191919,0.00203955,BTC,11525391979993600000,RosBank,1692382890
TS_Cartel,0.09967040,BTC,11516669338892664832,RosBank,1692382946
EagleExchange,0.28201293,BTC,11483979355467657216,Tinkoff,1692382946
NobleDigital,3.98200000,BTC,11525918477992472576,SEPA Instant,1692382996
Lucian213,0.00270767,BTC,11525692716919316480,Tinkoff,1692383002
Akbarchiki,0.00209245,BTC,11525904964230111232,Tinkoff,1692383058
nikturev,0.03005261,BTC,11515308377410232320,Raiffeisenbank,1692383058
NobleDigital,3.98400000,BTC,11525919601537466368,SEPA Instant,1692383101
king_sigma,0.04234779,BTC,11525909387117551616,Raiffeisenbank,1692383114
Kripto_p2p,0.01398601,BTC,11518107593095344128,RosBank,1692383171
CRYPTOMAN,0.02385311,BTC,11524379281062567936,AirTM,1692383241
NobleDigital,3.98400000,BTC,11525920262947819520,SEPA Instant,1692383260
Lemacoin,0.00666200,BTC,11442141636701687808,SEPA Instant,1692383260
PRO_FESSIONAL,0.08875307,BTC,11515266391679262720,Tinkoff,1692383339
margo-margo,0.03996003,BTC,11524653260919595008,Ak Bars Bank,1692383339
Treyders,0.00264991,BTC,11514888186684174336,Monobank,1692383365
TWR-Exchange,0.03758932,BTC,11525896317041602560,Skrill (Moneybookers),1692383401
Josearcos_EcuCambios,0.12648864,BTC,11513244742175506432,Banco Bolivariano,1692383507
xuligan13_97,0.00041764,BTC,11525920108476702720,RosBank,1692383563
VitusExchange,0.01888609,BTC,11522734026057818112,ZEN,1692383577
Techno,0.35141680,BTC,11484241994271150080,RosBank,1692383620
Criptosha29,0.19167730,BTC,11428799760906674176,Tinkoff,1692383676
Raisin23,0.00646094,BTC,11525913431262113792,RosBank,1692383732
NobleDigital,3.98200000,BTC,11525922254486323200,SEPA Instant,1692383736
karney0709,0.00694246,BTC,11525922056761487360,A-Bank,1692383788
david,0.00577784,BTC,11514879274777751552,Monobank,1692383893
CryptoShark24_7,0.09990008,BTC,11512775344509825024,KredoBank,1692383893
Tommy,0.01867254,BTC,11518182403708694528,Privat Bank (Universal Card),1692383998
YourProfit,0.00321997,BTC,11525733355498450944,Monobank,1692383998
n_b_t,0.04340407,BTC,11515073343343529984,Tinkoff,1692384014
Tamydlg,0.02563155,BTC,11523008544043855872,Banco del pacifico,1692384042
Golden_EdisonLuo,0.00104529,BTC,11494938736469233664,Bank Transfer (Taiwan),1692384149
NobleDigital,3.97600000,BTC,11525924461968822272,SEPA Instant,1692384263
Elkiigolki,0.00045939,BTC,11525917205508497408,Tinkoff,1692384295
SP-Exchange,0.01494768,BTC,11525518699395756032,Payeer,1692384310
ZEROspread,0.09831696,BTC,11525518943181950976,Tinkoff,1692384407
nikturev,0.03005261,BTC,11515308377410232320,Raiffeisenbank,1692384407
Lemacoin,0.00297702,BTC,11442141636701687808,SEPA Instant,1692384421
exNB,0.01939816,BTC,11525699513786798080,Zelle,1692384471
NobleDigital,3.97600000,BTC,11525925133306224640,SEPA Instant,1692384474
Raisin23,0.00450487,BTC,11525913431262113792,RosBank,1692384520
BIT_BULL,0.07940542,BTC,11522807736256335872,MTS-Bank,1692384520
CHESNOV,0.01998599,BTC,11520711740574236672,Post Bank,1692384687
PhoenixTrade,0.15524168,BTC,11511049272788713472,Tinkoff,1692384800
EMILKA,0.19984012,BTC,11516909067861729280,RosBank,1692384800
Raisin23,0.00450799,BTC,11525926809220587520,RosBank,1692384856
sunset_rise,0.03426590,BTC,11525880842363359232,RosBank,1692384912
P2P_Mama,0.00299850,BTC,11523678481133518848,Tinkoff,1692384912
Maks,0.00384123,BTC,11525751974750015488,Privat Bank (Universal Card),1692384949
karney0709,0.00512575,BTC,11525922056761487360,A-Bank,1692385001
EMILKA,0.37969624,BTC,11456187665985544192,RosBank,1692385193
,0.00031622,BTC,11525902314090147840,Raiffeisenbank,1692385249
Motogon,0.00019435,BTC,11525685947312549888,Tinkoff,1692385249
Dashkka,0.00389550,BTC,11525888732014399488,Tinkoff,1692385321
nelmatre,0.00216689,BTC,11496672431427567616,Banco Pichincha,1692385367
Tuktuki,0.02512917,BTC,11522580330779430912,Tinkoff,1692385377
HonestFlow,0.01938495,BTC,11519963441034858496,Privat Bank (Universal Card),1692385425
nikturev,0.03005261,BTC,11515308377410232320,Raiffeisenbank,1692385433
,0.00031622,BTC,11525902314090147840,Raiffeisenbank,1692385545
NobleDigital,3.97200000,BTC,11525927320032071680,SEPA Instant,1692385637
xuligan13_97,0.00022310,BTC,11525920108476702720,RosBank,1692385658
RamilBtc2,0.00151099,BTC,11515232021622222848,Tinkoff,1692385772
DoFFi-trade,0.00209640,BTC,11525763834265206784,RosBank,1692385828
Criptosha29,0.17734200,BTC,11428799760906674176,Tinkoff,1692385884
IQ_exchange,0.00757483,BTC,11525929076680642560,QIWI,1692385884
Bits,0.00410200,BTC,11525862961796694016,Þmoney,1692385940
,0.00036228,BTC,11525930848886599680,QIWI,1692385996
FILIN,0.02715766,BTC,11478711424413380608,Tinkoff,1692385996
NobleDigital,3.95904473,BTC,11525931488953679872,SEPA Instant,1692386006
obmennik_24_7,0.03899855,BTC,11525863381926674432,Raiffeisenbank,1692386277
Novudi,0.05986429,BTC,11499345076028186624,SEPA Instant,1692386323
Pavandy,0.11988011,BTC,11508424307309453312,RosBank,1692386334
Âàëåíòèíà,0.00166833,BTC,11479895067385970688,Tinkoff,1692386390
,0.00178301,BTC,11525840239218450432,QIWI,1692386446
nikturev,0.03005261,BTC,11515308377410232320,Raiffeisenbank,1692386559
HonestFlow,0.01935559,BTC,11525934116614979584,Privat Bank (Universal Card),1692386587
HaLaLInvest_P2P,0.00100614,BTC,11525286758300372992,QIWI,1692386727
TS_Cartel,0.06811730,BTC,11516669338892664832,RosBank,1692386784
nikturev,0.03005261,BTC,11515308377410232320,Raiffeisenbank,1692386784
on138,0.00319680,BTC,11509461829748543488,Tinkoff,1692386784
_Broker535,0.26770107,BTC,11488173255010091008,Tinkoff,1692386840
PhoenixTrade,0.16491514,BTC,11511049272788713472,Tinkoff,1692386840
EagleExchange,0.18067812,BTC,11483979355467657216,Tinkoff,1692386840
YBF1,0.00509898,BTC,11461478625214029824,AirTM,1692386865
n_b_t,0.02497080,BTC,11515073343343529984,RosBank,1692387007
MTRS,0.02500000,BTC,11442836618891173888,Wise,1692387063
Bankir1970,0.01350365,BTC,11518156640025903104,Privat Bank (Universal Card),1692387116
ZEROspread,0.29983627,BTC,11525518943181950976,Tinkoff,1692387176
MomentTrade,0.00492432,BTC,11522536534129115136,PUMB,1692387222
SmartOTC,1.00654804,BTC,11456292625449938944,SEPA Instant,1692387274
NobleDigital,3.98000000,BTC,11525935729092841472,SEPA Instant,1692387274
Time-Money,0.00480810,BTC,11521023413357727744,Tinkoff,1692387289
TuyaCripto,0.00149850,BTC,11480041216410533888,Tinkoff,1692387345
FINANSIST_UA,0.19516955,BTC,11525623745135456256,Privat Bank (Universal Card),1692387378
KoSxaM,0.02647367,BTC,11524659034926919680,Monobank,1692387432
Âàëåíòèíà,0.00166833,BTC,11479895067385970688,Tinkoff,1692387456
BINANCEL,0.00658699,BTC,11524698796697018368,Tinkoff,1692387494
Ewerest,0.00222365,BTC,11519640254368083968,Raiffeisenbank,1692387494
trader_pk786,0.03929286,BTC,11520140489418280960,Wise,1692387539
JawaCoin,0.01331189,BTC,11452737598507630592,SEPA (EU) bank transfer,1692387589
Nahom,0.04181049,BTC,11499780960858107904,Wise,1692387753
nikturev,0.03005261,BTC,11515308377410232320,Raiffeisenbank,1692387887
Criptowindy,0.00566592,BTC,11513859775471890432,Advcash,1695156128
HEETS56,0.09995002,BTC,11514301573278441472,Tinkoff,1695156128
brokercracker,0.29984774,BTC,11508890822314655744,Tinkoff,1695156128
MotoMoto,0.05552042,BTC,11496926370653970432,Tinkoff,1695156128
PhoenixTrade,0.16491754,BTC,11511049272788713472,Tinkoff,1695156128
Criptosha29,0.19990004,BTC,11428799760906674176,Tinkoff,1695156128
Abramovkin,0.29984500,BTC,11478775332592218112,Tinkoff,1695156128
Lex1392,0.18617026,BTC,11437055828182446080,Tinkoff,1695156128
_Broker535,0.27221788,BTC,11488173255010091008,Tinkoff,1695156128
EagleExchange,0.28581886,BTC,11483979355467657216,Tinkoff,1695156128
GreenMars,0.01740190,BTC,11494627466357841920,Tinkoff,1695156128
TS_Cartel,0.06811730,BTC,11516669338892664832,RosBank,1695156128
cryptonata,0.13530881,BTC,11525681686212509696,RosBank,1695156128
EMILKA,0.16046824,BTC,11516909067861729280,RosBank,1695156128
_Meiram123_,0.01132912,BTC,11525904909550587904,RosBank,1695156128
n_b_t,0.01741545,BTC,11515073343343529984,RosBank,1695156128
sunset_rise,0.02628943,BTC,11525880842363359232,RosBank,1695156128
Akbarchiki,0.00215033,BTC,11525904964230111232,Tinkoff,1695156128
king_sigma,0.00892271,BTC,11525909387117551616,Raiffeisenbank,1695156128
Vera_v_btc,0.00519933,BTC,11522862168631009280,Advcash,1695156128
martpamm,0.00663479,BTC,11501184327745871872,RosBank,1695156128
BASICSELLER,0.01075636,BTC,11525931400596504576,Tinkoff,1695156128
MENIAYLEGKO,0.01937612,BTC,11521435706964738048,Post Bank,1695156128
Sashimi,0.03704934,BTC,11522574219702099968,Raiffeisenbank,1695156128
VitaliX_trade,0.03896103,BTC,11515669403168251904,RosBank,1695156128
Ð2ð_îáìåí_dian,0.05995202,BTC,11513187362109149184,Advcash,1695156128
Techno,0.35141680,BTC,11484241994271150080,RosBank,1695156128
EMILKA,0.37969624,BTC,11456187665985544192,RosBank,1695156128
LepreCoin,0.24372646,BTC,11505819091273605120,Tinkoff,1695156128
SAFUcash,0.22127203,BTC,11504110937523879936,Tinkoff,1695156128
Nastya-BTC,0.18876030,BTC,11510599699393966080,Post Bank,1695156128
TenCryptoClub,0.01252723,BTC,11525828640187445248,Tinkoff,1695156128
ANTROPOLOG-85,0.01858237,BTC,11525869013628092416,Tinkoff,1695156128
Dashkka,0.00362471,BTC,11525888732014399488,Tinkoff,1695156128
motorrr8,0.04267000,BTC,11525521750654263296,Tinkoff,1695156128
AndreyDol,0.04865445,BTC,11525754960227811328,Tinkoff,1695156128
NatalyaD,0.04994023,BTC,11525752402317623296,Raiffeisenbank,1695156128
Soryan,0.06859187,BTC,11505592620720332800,Tinkoff,1695156128
Ima015,0.00071901,BTC,11525868401389731840,Payeer,1695156128
king_p2p_krasava,0.00410054,BTC,11525811699181383680,Payeer,1695156128
obmennik_24_7,0.03899855,BTC,11525863381926674432,Raiffeisenbank,1695156128
Motogon,0.00019435,BTC,11525929838607671296,Tinkoff,1695156128
PANICA_TEAM,0.00841521,BTC,11516402276376731648,RosBank,1695156128
Vosit-official,0.00395175,BTC,11508846399929593856,RosBank,1695156128
DarkReef,0.02151065,BTC,11496381980233453568,Tinkoff,1695156128
artem84rhyma,0.05356618,BTC,11513055534189912064,Payeer,1695156128
WinsExchange,0.17207483,BTC,11520116502758371328,Tinkoff,1695156128
JP trading,0.03949880,BTC,11510537160385318912,MTS-Bank,1695156128
Bit_Berry,0.02426500,BTC,11508588807231266816,MTS-Bank,1695156128
LUT,0.02239892,BTC,11518616707391651840,Credit Europe Bank (Russia),1695156128
1iz-OZ,0.02072318,BTC,11525880475947360256,Raiffeisenbank,1695156128
DJUMA,0.02857684,BTC,11521456074378121216,MTS-Bank,1695156128
viptrade1996,0.09012025,BTC,11525545219016179712,RosBank,1695156128
Stanimur,0.15382330,BTC,11513948991208951808,Tinkoff,1695156128
FILIN,0.02628651,BTC,11478711424413380608,Tinkoff,1695156128
,0.00178301,BTC,11525840239218450432,QIWI,1695156128
Piaggio,0.00649350,BTC,11517897778049826816,Home Credit Bank (Russia),1695156128
altair,0.00294735,BTC,11525455420747886592,RosBank,1695156128
BillyFCC,0.01212814,BTC,11525806972325150720,RosBank,1695156128
RusAlm59,0.01293420,BTC,11525793038469189632,QIWI,1695156128
ROGOZH,0.00069864,BTC,11525813283090739200,Tinkoff,1695156128
Áûñòðàÿ ñäåëêà,0.50584671,BTC,11512740769226498048,Uralsib Bank,1695156128
Jango,0.51003698,BTC,11512748221375508480,Raiffeisenbank,1695156128
Max_corp,0.00910428,BTC,11505050897730265088,Tinkoff,1695156128
Cryptoobmen_,0.00354357,BTC,11523882875334549504,Home Credit Bank (Russia),1695156128
ars_arsikk,0.00420283,BTC,11509442934385934336,Tinkoff,1695156128
AlexBog,0.00416073,BTC,11525372126422335488,RosBank,1695156128
Bitobmen,0.29976019,BTC,11510592442739908608,Raiffeisenbank,1695156128
cryptolove,0.16779314,BTC,11519956686251298816,RosBank,1695156128
R2_CryptoTrade,0.49166105,BTC,11482683043754475520,Tinkoff,1695156128
mirnayaM,0.00063884,BTC,11525934307344703488,Þmoney,1695156128
tornsm,0.00782147,BTC,11525395729059725312,Þmoney,1695156128
Mamulya,0.21038588,BTC,11518155437590802432,Raiffeisenbank,1695156128
IQ_exchange,0.00757483,BTC,11525932266448179200,RosBank,1695156128
DenisWide,0.24077536,BTC,11525475280722653184,Home Credit Bank (Russia),1695156128
Vechno_9,0.00168233,BTC,11525938634844418048,QIWI,1695156128
Hefest,0.01554171,BTC,11525039880532008960,QIWI,1695156128
delBenxi,0.00897652,BTC,11525619642136076288,QIWI,1695156128
FastChange,0.00762117,BTC,11523516941889306624,Post Bank,1695156128
milliarderinvest,0.00824253,BTC,11513048939092221952,QIWI,1695156128
MoneyMaker,0.05662457,BTC,11515233995465891840,Home Credit Bank (Russia),1695156128
Yzff,0.00020979,BTC,11396376797220610048,Tinkoff,1695156128
Anarick,0.00654942,BTC,11519896472119533568,QIWI,1695156128
12_12_12,0.01705990,BTC,11506087133353369600,Raiffeisenbank,1695156128
fast_order_v1,0.01429179,BTC,11511106718433120256,QIWI,1695156128
_Lemur_,0.00103838,BTC,11524480451879575552,RosBank,1695156128
DimonMSK,0.00256745,BTC,11524683167167594496,RosBank,1695156128
Celentano,0.06999417,BTC,11525524168870985728,Raiffeisenbank,1695156128
Ilya___131,0.00453512,BTC,11494919208514621440,Tinkoff,1695156128
Iustarg,0.19980019,BTC,11524437171630309376,Renaissance Credit Bank,1695156128
oorzhakk,0.04416587,BTC,11523271898659741696,RosBank,1695156128
Siborhi19,0.00711030,BTC,11519790318793117696,Tinkoff,1695156128
Antoshkin26,0.00092698,BTC,11525443409920757760,RosBank,1695156128
laviusbt,0.00885666,BTC,11522944253559205888,QIWI,1695156128
kostik_kripta,0.00325429,BTC,11508088519246954496,Raiffeisenbank,1695156128
111eezy,0.00571401,BTC,11525763241554362368,Tinkoff,1695156128
SmartClick,0.17982017,BTC,11487427850850758656,QIWI,1695156128
IrinaKu,0.00903449,BTC,11483770146761515008,RosBank,1695156128
vecberp2p,0.00335426,BTC,11512316789394014208,Tinkoff,1695156128
Âàëåíòèíà,0.00166833,BTC,11479895067385970688,Tinkoff,1695156128
paxa,0.03612056,BTC,11525297654503612416,Tinkoff,1695156128
Giyosboy,0.00443920,BTC,11521319245192192000,RosBank,1695156128
Nikita,0.00019437,BTC,11522954097340358656,Tinkoff,1695156128
CryptoAlldan,0.09993004,BTC,11517881956812992512,Post Bank,1695156128
EKATT,0.03367663,BTC,11525711123503104000,QIWI,1695156128
VladimirShiPai,0.06674646,BTC,11520391703152664576,RosBank,1695156128
Bull-174,0.00622830,BTC,11481200754872160256,Tinkoff,1695156128
rybina,0.00438767,BTC,11522293451874115584,Raiffeisenbank,1695156128
kriptoLedi9,0.00499500,BTC,11522853177660690432,RosBank,1695156128
Alexx-789,0.00042019,BTC,11515800331819032576,RosBank,1695156128
Gomumy,0.00499500,BTC,11516709533421019136,Tinkoff,1695156128
Pperykoin,0.00265548,BTC,11524311432955289600,Raiffeisenbank,1695156128
PALLITET159rus,0.00058250,BTC,11524248297363533824,Renaissance Credit Bank,1695156128
CryptoAlldan,0.09993004,BTC,11517881542317580288,Þmoney,1695156128
AntonFoz,0.00078849,BTC,11502249729409331200,RosBank,1695156128
PRO_FESSIONAL,0.25362609,BTC,11513946207975653376,Þmoney,1695156128
btc-usdt-exchange,0.00491373,BTC,11518329859258093568,MTS-Bank,1695156128
Lenin_p2p,0.00065117,BTC,11515011880074756096,RosBank,1695156128
AlexFox_,0.00399600,BTC,11404042383017840640,MTS-Bank,1695156128
Raiss99,0.01863839,BTC,11521642768992120832,QIWI,1695156128
archa217,0.00061909,BTC,11513084254021799936,Airtime Mobile Top-Up,1695156128
on138,0.00319680,BTC,11509461829748543488,Tinkoff,1695156128
Ìåíÿé çäåñü,0.00308003,BTC,11518718036333764608,Airtime Mobile Top-Up,1695156128
FastChange,0.00193413,BTC,11510650894303653888,Payeer,1695156128
RenBro,0.16936339,BTC,11525423940916760576,Ak Bars Bank,1695156128
ExchangeOfficial,1.00026844,BTC,11511319193659584512,RosBank,1695156128
PRO_FESSIONAL,0.08875307,BTC,11515266391679262720,Tinkoff,1695156128
GorelAN,0.00540525,BTC,11513088899392942080,Þmoney,1695156128
Seners,0.08991008,BTC,11518152051111325696,BCS Bank,1695156128
CryptoLove,0.01401851,BTC,11479440078915682304,Þmoney,1695156128
Lisjonok,0.00046953,BTC,11399739102469459968,RosBank,1695156128
Avak,0.02547401,BTC,11522873422135382016,QIWI,1695156128
Khep03,0.05931199,BTC,11468442656864624640,Tinkoff,1695156128
vovatere1982,0.00021188,BTC,11522978667121758208,Tinkoff,1695156128
Gera_KL,0.00033724,BTC,11487708670967603200,RosBank,1695156128
Maximum,0.49965024,BTC,11441883703335669760,RosBank,1695156128
ACryptoner,0.00038986,BTC,11525784968853266432,QIWI,1695156128
Tarsai,0.00121064,BTC,11512478028448043008,Tinkoff,1695156128
÷åòêî è áûñòðî,0.00483986,BTC,11437505057365196800,RosBank,1695156128
Diplodoc,0.01475471,BTC,11509555776794308608,QIWI,1695156128
Ingalovemax,0.01398959,BTC,11517902285100257280,MTS-Bank,1695156128
Jo_Black,0.00043058,BTC,11517963554519539712,Þmoney,1695156128
p2p-trade24_7,0.00851359,BTC,11513292790796029952,Raiffeisenbank,1695156128
Arkadiy,0.00591391,BTC,11515251506317623296,Tinkoff,1695156128
Warkikes,0.00055061,BTC,11494202616692871168,Advcash,1695156128
Bartender23,0.00019259,BTC,11508507105378172928,RosBank,1695156128
den_ns,0.02937002,BTC,11517825245280350208,Ak Bars Bank,1695156128
KRIPTICA,0.02795240,BTC,11513215014431170560,Tinkoff,1695156128
Cosmos,0.00331405,BTC,11513791105212780544,Þmoney,1695156128
degtyarov1,0.02189508,BTC,11512518167268188160,RosBank,1695156128
MarkAndDavid-Sellers,0.00010604,BTC,11513308472788140032,Tinkoff,1695156128
__MILASHKA_DJOLIE__,0.57442343,BTC,11514207252542701568,Post Bank,1695156128
loban,0.01265910,BTC,11402222803129184256,Raiffeisenbank,1695156128
Ahiles,0.04986182,BTC,11520604352993427456,Raiffeisenbank,1695156128
Happiness8,0.02518204,BTC,11512876295574528000,Tinkoff,1695156128
